Tận thấy phong cách 'Xứ Đông Dương' trong thiết kế cầu Trần Hưng Đạo vượt sông Hồng,https://tienphong.vn/tan-thay-phong-cach-xu-dong-duong-trong-thiet-ke-cau-tran-hung-dao-vuot-song-hong-post1376177.tpo
Món kem vani hảo hạng sẽ được làm từ... rác thải nhựa - Tiền Phong,https://tienphong.vn/mon-kem-vani-hao-hang-se-duoc-lam-tu-rac-thai-nhua-post1349958.tpo
ĐH Duy Tân: Các phương án Tuyển sinh và nhiều điểm mới trong Tuyển sinh Đại học 2021 - Tiền Phong,https://tienphong.vn/dh-duy-tan-cac-phuong-an-tuyen-sinh-va-nhieu-diem-moi-trong-tuyen-sinh-dai-hoc-2021-post1318007.tpo
"Ngày mai, củ khoai - Tiền Phong",https://tienphong.vn/ngay-mai-cu-khoai-post1170818.tpo
Samsung công bố thời điểm ra mắt Galaxy S21 Series - Tiền Phong,https://tienphong.vn/samsung-cong-bo-thoi-diem-ra-mat-galaxy-s21-series-post1303132.tpo
Hà Nội bẫy bắt rùa Hoàn Kiếm để xác định giới tính - Tiền Phong,https://tienphong.vn/ha-noi-bay-bat-rua-hoan-kiem-de-xac-dinh-gioi-tinh-post1224327.tpo
Nhà văn Việt kiều Pháp thắng COVID-19 xuất hiện ở 'Người trở về 2021' phát sau Giao thừa - Báo Tiền Phong,https://tienphong.vn/nha-van-viet-kieu-phap-thang-covid-19-xuat-hien-o-nguoi-tro-ve-2021-phat-sau-giao-thua-post1312857.tpo
Liệu động vật có thể dự đoán được động đất? - Tiền Phong,https://tienphong.vn/lieu-dong-vat-co-the-du-doan-duoc-dong-dat-post1366329.tpo
Mổ xẻ nguyên nhân gây “thảm họa” sạt lở ở miền Trung - Tiền Phong,https://tienphong.vn/mo-xe-nguyen-nhan-gay-tham-hoa-sat-lo-o-mien-trung-post1306049.tpo
"Trường ĐH Sư phạm Kỹ thuật TP. HCM tuyển 130 chỉ tiêu hệ nhân tài, đào tạo miễn phí",https://svvn.tienphong.vn/truong-dh-su-pham-ky-thuat-tp-hcm-tuyen-130-chi-tieu-he-nhan-tai-dao-tao-mien-phi-post1317319.tpo
Hướng dẫn kiểm tra chi tiết cấu hình máy tính - Tiền Phong,https://tienphong.vn/huong-dan-kiem-tra-chi-tiet-cau-hinh-may-tinh-post1306966.tpo
Những phím tắt hữu ích trên các trình duyệt web - Tiền Phong,https://tienphong.vn/nhung-phim-tat-huu-ich-tren-cac-trinh-duyet-web-post1291210.tpo
"1001 thắc mắc: Sát thủ ong mặt quỷ kinh khủng thế nào, xử lý sao nếu bị đốt? - Tiền Phong",https://tienphong.vn/1001-thac-mac-sat-thu-ong-mat-quy-kinh-khung-the-nao-xu-ly-sao-neu-bi-dot-post1162903.tpo
1001 thắc mắc: Làm thế nào thoát dòng xoáy tử thần trên biển? - Tiền Phong,https://tienphong.vn/1001-thac-mac-lam-the-nao-thoat-dong-xoay-tu-than-tren-bien-post1267448.tpo
Kỳ thú bức tranh khảm ở dải Ngân hà được tạo ra trong 12 năm,https://tienphong.vn/ky-thu-buc-tranh-kham-o-dai-ngan-ha-duoc-tao-ra-trong-12-nam-post1322442.tpo
Mưa sao băng từ các sao chổi lướt qua Trái đất 4.000 năm một lần - Tiền Phong,https://tienphong.vn/mua-sao-bang-tu-cac-sao-choi-luot-qua-trai-dat-4000-nam-mot-lan-post1340007.tpo
"Xem chó robot trị giá 1,7 tỷ đồng của quân đội Pháp 'trổ tài' chiến đấu - Báo Tiền Phong",https://tienphong.vn/xem-cho-robot-tri-gia-17-ty-dong-cua-quan-doi-phap-tro-tai-chien-dau-post1327564.tpo
Hiện tượng cầu vồng ba hiếm gặp và thú vị - Tiền Phong,https://tienphong.vn/hien-tuong-cau-vong-ba-hiem-gap-va-thu-vi-post1245460.tpo
"Đào trúng mộ cổ, cảnh tượng trước mắt khiến công nhân xây dựng run rẩy, ngã quỵ xuống đất - Tiền Phong",https://tienphong.vn/dao-trung-mo-co-canh-tuong-truoc-mat-khien-cong-nhan-xay-dung-run-ray-nga-quy-xuong-dat-post1396814.tpo
Hướng dẫn chuyển hình ảnh từ Facebook sang Google Photos - Tiền Phong,https://tienphong.vn/huong-dan-chuyen-hinh-anh-tu-facebook-sang-google-photos-post1288725.tpo
Giáo dục thông minh đến đâu vẫn cần những người thầy tâm tuệ,https://svvn.tienphong.vn/giao-duc-thong-minh-den-dau-van-can-nhung-nguoi-thay-tam-tue-post1394658.tpo
Góc nhìn toàn cảnh ngành logistics & Top 10 Công ty uy tín ngành logistics năm 2021 - Tiền Phong,https://tienphong.vn/goc-nhin-toan-canh-nganh-logistics-top-10-cong-ty-uy-tin-nganh-logistics-nam-2021-post1402052.tpo
"1001 thắc mắc: Vì sao quạt điện thường có 3 cánh, khắc phục quạt chạy chậm thế nào? - Tiền Phong",https://tienphong.vn/1001-thac-mac-vi-sao-quat-dien-thuong-co-3-canh-khac-phuc-quat-chay-cham-the-nao-post1338994.tpo
"Khai quật mộ cổ, phát hiện bức tranh tường tinh xảo thời nhà Nguyên - Tiền Phong",https://tienphong.vn/khai-quat-mo-co-phat-hien-buc-tranh-tuong-tinh-xao-thoi-nha-nguyen-post1359109.tpo
"ĐH Công nghiệp Hà Nội lấy điểm chuẩn cao nhất 26,45 - Tiền Phong",https://tienphong.vn/dh-cong-nghiep-ha-noi-lay-diem-chuan-cao-nhat-2645-post1376594.tpo
Tìm thấy hóa thạch bộ xương của chim cánh cụt khổng lồ ở New Zealand - Tiền Phong,https://tienphong.vn/tim-thay-hoa-thach-bo-xuong-cua-chim-canh-cut-khong-lo-o-new-zealand-post1378408.tpo
"Sắp có nhật thực 'siêu đẹp' của thập kỷ, 11 năm sau mới gặp lại - Tiền Phong",https://tienphong.vn/sap-co-nhat-thuc-sieu-dep-cua-thap-ky-11-nam-sau-moi-gap-lai-post1247649.tpo
Trực thăng NASA chụp bức ảnh màu đầu tiên trên sao Hỏa - Báo Tiền Phong,https://tienphong.vn/truc-thang-nasa-chup-buc-anh-mau-dau-tien-tren-sao-hoa-post1326315.tpo
thảo luận chuyên đề - Tin tức cập nhật mới nhất tại Tienphong.vn | Kết quả trang 1,https://tienphong.vn/tag/th%E1%BA%A3o+lu%E1%BA%ADn+chuy%C3%AAn+%C4%91%E1%BB%81.tpo
"1001 thắc mắc: Tại sao phải ngủ, ai giữ kỷ lục không ngủ trên thế giới? - Tiền Phong",https://tienphong.vn/1001-thac-mac-tai-sao-phai-ngu-ai-giu-ky-luc-khong-ngu-tren-the-gioi-post1374006.tpo
Cá mập trắng tấn công người lướt sóng ở Australia - Tiền Phong,https://tienphong.vn/ca-map-trang-ba-met-dop-nguoi-luot-song-mot-nguoi-tu-vong-post1246485.tpo
"Khách tham quan hành động thô lỗ ở công viên tại Trung Quốc, bị người máy mắng nhiếc",https://hoahoctro.tienphong.vn/khach-tham-quan-hanh-dong-tho-lo-o-cong-vien-tai-trung-quoc-bi-nguoi-may-mang-nhiec-post1379314.tpo
Báo cáo về đĩa bay được mong đợi từ lâu cuối cùng đã được công bố - Tiền Phong,https://tienphong.vn/bao-cao-ve-dia-bay-duoc-mong-doi-tu-lau-cuoi-cung-da-duoc-cong-bo-post1349909.tpo
1001 thắc mắc: Phi công 'soi' đèn thế nào để tránh va chạm trên bầu trời? - Tiền Phong,https://tienphong.vn/1001-thac-mac-phi-cong-soi-den-the-nao-de-tranh-va-cham-tren-bau-troi-post1370957.tpo
Hướng dẫn chuyển đổi từ file Word sang PDF không cần phần mềm - Tiền Phong,https://tienphong.vn/huong-dan-chuyen-doi-tu-file-word-sang-pdf-khong-can-phan-mem-post1298909.tpo
Hướng dẫn cách giúp smartphone Android phát chuông báo động khi bị lấy cắp - Tiền Phong,https://tienphong.vn/huong-dan-cach-giup-smartphone-android-phat-chuong-bao-dong-khi-bi-lay-cap-post1300798.tpo
Ngựa vằn sống sót kỳ diệu trước nước lũ và cá sấu khổng lồ,https://tienphong.vn/ngua-van-song-sot-ky-dieu-truoc-nuoc-lu-va-ca-sau-khong-lo-post1380111.tpo
'Thợ săn tàu ngầm': Bí quyết phát hiện kẻ thù dưới đáy biển - Tiền Phong,https://tienphong.vn/tho-san-tau-ngam-bi-quyet-phat-hien-ke-thu-duoi-day-bien-post1332054.tpo
EVNHCMC đạt danh hiệu Doanh nghiệp chuyển đổi số xuất sắc - Tiền Phong,https://tienphong.vn/evnhcmc-dat-danh-hieu-doanh-nghiep-chuyen-doi-so-xuat-sac-post1283325.tpo
TPHCM tiếp tục đề xuất cho phép sử dụng xe buýt mini: Có thực sự cấp thiết? - Tiền Phong,https://tienphong.vn/tphcm-tiep-tuc-de-xuat-cho-phep-su-dung-xe-buyt-mini-co-thuc-su-cap-thiet-post1315515.tpo
"1001 thắc mắc: Ong vò vẽ kinh khủng ra sao, làm thế nào để nhận biết chúng? - Tiền Phong",https://tienphong.vn/1001-thac-mac-ong-vo-ve-kinh-khung-ra-sao-lam-the-nao-de-nhan-biet-chung-post1162983.tpo
1001 thắc mắc: Vì sao kền kền lại khoái ăn xác chết? - Báo Tiền Phong,https://tienphong.vn/1001-thac-mac-vi-sao-ken-ken-lai-khoai-an-xac-chet-post1163635.tpo
Tổng đài hỗ trợ và ứng cứu thanh thiếu nhi trên không gian mạng - Tiền Phong,https://tienphong.vn/tong-dai-ho-tro-va-ung-cuu-thanh-thieu-nhi-tren-khong-gian-mang-post1390371.tpo
Nỗi đau Trà Leng: Cảnh báo sạt lở được không?,https://tienphong.vn/noi-dau-tra-leng-canh-bao-sat-lo-duoc-khong-post1287707.tpo
Bức tranh du lịch 2021: Chưa thể bừng sáng - Báo Tiền Phong,https://tienphong.vn/buc-tranh-du-lich-2021-chua-the-bung-sang-post1294157.tpo
"Linh cẩu cướp mồi của báo săn, cảnh tượng sau đó mới khiến nhiều người kinh hãi - Tiền Phong",https://tienphong.vn/linh-cau-cuop-moi-cua-bao-san-canh-tuong-sau-do-moi-khien-nhieu-nguoi-kinh-hai-post1277354.tpo
Điểm chuẩn năm 2021: Những ngành nào vẫn giữ ngôi đầu? - Tiền Phong,https://tienphong.vn/diem-chuan-nam-2021-nhung-nganh-nao-van-giu-ngoi-dau-post1377655.tpo
1001 thắc mắc: Sự thực có phải chim di cư là do chúng sợ lạnh? - Tiền Phong,https://tienphong.vn/1001-thac-mac-su-thuc-co-phai-chim-di-cu-la-do-chung-so-lanh-post1172539.tpo
Thaispace của Bầu Thụy dự kiến bay lên vũ trụ vào năm 2026-2030 tại Phú Quốc - Tiền Phong,https://tienphong.vn/thaispace-cua-bau-thuy-du-kien-bay-len-vu-tru-vao-nam-2026-2030-tai-phu-quoc-post1405624.tpo
Siêu máy tính mạnh nhất thế giới phát hiện được 'điểm yếu' của Covid-19,https://tienphong.vn/sieu-may-tinh-manh-nhat-the-gioi-phat-hien-duoc-diem-yeu-cua-covid-19-post1223651.tpo
Viber tròn 10 tuổi! - Tiền Phong,https://tienphong.vn/viber-tron-10-tuoi-post1295856.tpo
Nga phát triển chiến đấu cơ tàng hình thế hệ 5 một động cơ - Tiền Phong,https://tienphong.vn/nga-phat-trien-chien-dau-co-tang-hinh-the-he-5-mot-dong-co-post1340217.tpo
Quá trình biến đổi của trứng ếch - Tiền Phong,https://tienphong.vn/qua-trinh-bien-doi-cua-trung-ech-post1232551.tpo
Cảnh báo hàng loạt thủ đoạn lừa đảo qua mạng thời COVID-19 - Tiền Phong,https://tienphong.vn/canh-bao-hang-loat-thu-doan-lua-dao-qua-mang-thoi-covid-19-post1357409.tpo
1001 thắc mắc: Cá voi sát thủ cũng bị mãn kinh? - Tiền Phong,https://tienphong.vn/1001-thac-mac-ca-voi-sat-thu-cung-bi-man-kinh-post1233020.tpo
Sự thật bất ngờ phía sau cảnh tượng báo săn 'vác' linh dương Impala - Tiền Phong,https://tienphong.vn/su-that-bat-ngo-phia-sau-canh-tuong-bao-san-vac-linh-duong-impala-post1278249.tpo
"Thưởng Trầm Hương, cảm thơ Kiều - những tượng đài văn hoá VN chinh phục thế giới - Báo Tiền Phong",https://tienphong.vn/thuong-tram-huong-cam-tho-kieu-nhung-tuong-dai-van-hoa-vn-chinh-phuc-the-gioi-post1171744.tpo
9 nhà phát minh bị giết bởi chính phát minh của họ - Báo Tiền Phong,https://tienphong.vn/9-nha-phat-minh-bi-giet-boi-chinh-phat-minh-cua-ho-post1400063.tpo
Hé lộ cái chết của người môi giới quyền lực Maya cổ đại qua chữ tượng hình - Tiền Phong,https://tienphong.vn/he-lo-cai-chet-cua-nguoi-moi-gioi-quyen-luc-maya-co-dai-qua-chu-tuong-hinh-post1322463.tpo
Facebook mở cửa ứng dụng thực tế ảo của Meta - Tiền Phong,https://tienphong.vn/facebook-mo-cua-ung-dung-thuc-te-ao-cua-meta-post1400692.tpo
Tìm thấy nơi an toàn nhất để sống trong Dải Ngân hà,https://tienphong.vn/tim-thay-noi-an-toan-nhat-de-song-trong-dai-ngan-ha-post1324599.tpo
Mê mẩn ngắm loài sứa cực đẹp dưới lớp băng Nam Cực - Tiền Phong,https://tienphong.vn/me-man-ngam-loai-sua-cuc-dep-duoi-lop-bang-nam-cuc-post1379131.tpo
Hướng dẫn sử dụng phím tắt với Windows key - Tiền Phong,https://tienphong.vn/huong-dan-su-dung-phim-tat-voi-windows-key-post1280042.tpo
1001 thắc mắc: Loài nào vừa bay vừa ngủ? - Tiền Phong,https://tienphong.vn/1001-thac-mac-loai-nao-vua-bay-vua-ngu-post1252516.tpo
Vì sao 'Trăng Xanh' hôm nay lại cực hiếm? - Tiền Phong,https://tienphong.vn/vi-sao-trang-xanh-hom-nay-lai-cuc-hiem-post1368114.tpo
5 sự kiện tuyệt chủng hàng loạt trên Trái đất và sự kiện thứ 6 đang diễn ra? - Tiền Phong,https://tienphong.vn/5-su-kien-tuyet-chung-hang-loat-tren-trai-dat-va-su-kien-thu-6-dang-dien-ra-post1340335.tpo
"Các hố đen siêu lớn có thể chứa ""sóng thần"" trong vũ trụ? - Tiền Phong",https://tienphong.vn/cac-ho-den-sieu-lon-co-the-chua-song-than-trong-vu-tru-post1352278.tpo
"Khi nào mặt trời sẽ tắt, lúc đó trái đất bị ảnh hưởng thế nào? - Tiền Phong",https://tienphong.vn/khi-nao-mat-troi-se-tat-luc-do-trai-dat-bi-anh-huong-the-nao-post1402944.tpo
"Kênh YouTube triệu view dạy trẻ ăn xà bông, uống sữa tắm gây bức xúc - Tiền Phong",https://tienphong.vn/kenh-youtube-trieu-view-day-tre-an-xa-bong-uong-sua-tam-gay-buc-xuc-post1163278.tpo
Bí ẩn chiếc nhẫn vàng nạm ngọc lục bảo giá 17 tỷ đồng của người Inca 'lưu lạc' trên đất Mỹ - Tiền Phong,https://tienphong.vn/bi-an-chiec-nhan-vang-nam-ngoc-luc-bao-gia-17-ty-dong-cua-nguoi-inca-luu-lac-tren-dat-my-post1355693.tpo
Liên Xô đã 'bảo mật' tối đa tổng công trình sư đưa người đầu tiên vào vũ trụ - Tiền Phong,https://tienphong.vn/lien-xo-da-bao-mat-toi-da-tong-cong-trinh-su-dua-nguoi-dau-tien-vao-vu-tru-post1361280.tpo
"Vì sao nói sao Mộc rất kỳ dị, nhà du hành 'phát sợ' chưa thể đặt chân tới? - Tiền Phong",https://tienphong.vn/vi-sao-noi-sao-moc-rat-ky-di-nha-du-hanh-phat-so-chua-the-dat-chan-toi-post1374334.tpo
Siêu tân tinh 10 tỷ năm tuổi sẽ tái xuất trên trái đất? - Tiền Phong,https://tienphong.vn/sieu-tan-tinh-10-ty-nam-tuoi-se-tai-xuat-tren-trai-dat-post1377478.tpo
"Samsung Galaxy F41 trình làng với RAM 6 GB, pin 6.000 mAh, giá rẻ bất ngờ",https://tienphong.vn/samsung-galaxy-f41-trinh-lang-voi-ram-6-gb-pin-6000-mah-gia-re-bat-ngo-post1280559.tpo
Mỹ - EU 'đình chiến' thương mại để cài đặt lại quan hệ,https://tienphong.vn/my-eu-dinh-chien-thuong-mai-de-cai-dat-lai-quan-he-post1346407.tpo
"1001 thắc mắc: Mắt thú ăn thịt nằm phía trước mặt, sao mắt thú ăn cỏ lại nằm lệch hai bên? - Tiền Phong",https://tienphong.vn/1001-thac-mac-mat-thu-an-thit-nam-phia-truoc-mat-sao-mat-thu-an-co-lai-nam-lech-hai-ben-post1270051.tpo
"Samsung giới thiệu smartphone pin 6.000 mAh, RAM 8GB, giá phải chăng - Tiền Phong",https://tienphong.vn/samsung-gioi-thieu-smartphone-pin-6000-mah-ram-8gb-gia-phai-chang-post1261257.tpo
cuộc gọi lừa đảo - Tiền Phong,https://tienphong.vn/tai-xuat-hang-loat-hinh-thuc-lua-dao-qua-dien-thoai-post1173113.tpo
Có nên sợ máy bay ném bom tàng hình H-20 Trung Quốc? - Tiền Phong,https://tienphong.vn/co-nen-so-may-bay-nem-bom-tang-hinh-h-20-trung-quoc-post1294489.tpo
1001 thắc mắc: Vì sao nhiều cây cổ thụ rỗng thân mà vẫn sống? - Tiền Phong,https://tienphong.vn/1001-thac-mac-vi-sao-nhieu-cay-co-thu-rong-than-ma-van-song-post1319583.tpo
"Cảnh báo nguy cơ mất thông tin cá nhân, tài khoản bị khóa vĩnh viễn trên Facebook - Tiền Phong",https://tienphong.vn/canh-bao-nguy-co-mat-thong-tin-ca-nhan-tai-khoan-bi-khoa-vinh-vien-tren-facebook-post1378636.tpo
"Cấp 'căn cước' số hóa độc bản cho tác phẩm mỹ thuật để chống nạn giả, nhái",https://tienphong.vn/cap-can-cuoc-so-hoa-doc-ban-cho-tac-pham-my-thuat-de-chong-nan-gia-nhai-post1332458.tpo
1001 thắc mắc: Chạch ăn gì mà sao nhả bọt lắm thế?,https://tienphong.vn/1001-thac-mac-chach-an-gi-ma-sao-nha-bot-lam-the-post1269088.tpo
"Hoảng loạn khi vượt sông, hàng trăm linh dương đầu bò tự tàn sát đồng loại - Tiền Phong",https://tienphong.vn/hoang-loan-khi-vuot-song-hang-tram-linh-duong-dau-bo-tu-tan-sat-dong-loai-post1331234.tpo
Đất Việt VAC ra mắt siêu ứng dụng giải trí VieON - Tiền Phong,https://tienphong.vn/dat-viet-vac-ra-mat-sieu-ung-dung-giai-tri-vieon-post1248768.tpo
1001 thắc mắc: Vì sao không nên dùng Facebook đăng nhập vào các website khác? - Tiền Phong,https://tienphong.vn/1001-thac-mac-vi-sao-khong-nen-dung-facebook-dang-nhap-vao-cac-website-khac-post1341922.tpo
"Cá sấu tinh ranh, ra đòn chớp nhoáng hạ sát linh dương đầu bò - Tiền Phong",https://tienphong.vn/ca-sau-tinh-ranh-ra-don-chop-nhoang-ha-sat-linh-duong-dau-bo-post1357870.tpo
Bí ẩn bên trong ngôi đền thờ vị thần Xipe Totec - Tiền Phong,https://tienphong.vn/bi-an-ben-trong-ngoi-den-tho-vi-than-xipe-totec-post1318664.tpo
Sẽ dùng máy bay phun thuốc diệt châu chấu xâm nhập Việt Nam - Báo Tiền Phong,https://tienphong.vn/se-dung-may-bay-phun-thuoc-diet-chau-chau-xam-nhap-viet-nam-post1259430.tpo
28 triệu USD cho chuyến đi 10 phút vào vũ trụ cùng tỷ phú Amazon - Tiền Phong,https://tienphong.vn/28-trieu-usd-cho-chuyen-di-10-phut-vao-vu-tru-cung-ty-phu-amazon-post1345722.tpo
"Kỳ lạ nấm ký sinh hiếm gặp, 'ngón tay thây ma' ở Úc - Tiền Phong",https://tienphong.vn/ky-la-nam-ky-sinh-hiem-gap-ngon-tay-thay-ma-o-uc-post1350910.tpo
"Video viên kim cương hồng 'độc nhất vô nhị' đại gia châu Á chi 29,3 triệu USD để mua - Tiền Phong",https://tienphong.vn/video-vien-kim-cuong-hong-doc-nhat-vo-nhi-dai-gia-chau-a-chi-293-trieu-usd-de-mua-post1340005.tpo
Video cơn ác mộng tồi tệ ở Australia: Nhện giăng tơ 'xâm chiếm' loạt thị trấn - Tiền Phong,https://tienphong.vn/video-con-ac-mong-toi-te-o-australia-nhen-giang-to-xam-chiem-loat-thi-tran-post1346843.tpo
Video hố sụt khổng lồ như 'thảm họa tận thế' ngày càng mở rộng ở Mexico - Tiền Phong,https://tienphong.vn/video-ho-sut-khong-lo-nhu-tham-hoa-tan-the-ngay-cang-mo-rong-o-mexico-post1342923.tpo
Video sốc người đàn ông liều lĩnh dùng miệng cá sấu mở lon bia - Tiền Phong,https://tienphong.vn/video-soc-nguoi-dan-ong-lieu-linh-dung-mieng-ca-sau-mo-lon-bia-post1359147.tpo
Video rắn 2 đầu nuốt chửng con mồi gây sốt xình xịch - Tiền Phong,https://tienphong.vn/video-ran-2-dau-nuot-chung-con-moi-gay-sot-xinh-xich-post1359112.tpo
"Robot thông minh chế tạo từ phế liệu xem được tử vi, nói 38 ngôn ngữ - Tiền Phong",https://tienphong.vn/robot-thong-minh-che-tao-tu-phe-lieu-xem-duoc-tu-vi-noi-38-ngon-ngu-post1326836.tpo
Chú chó trổ tài bắt cá trê siêu đẳng nhưng lại để hụt đáng tiếc - Tiền Phong,https://tienphong.vn/chu-cho-tro-tai-bat-ca-tre-sieu-dang-nhung-lai-de-hut-dang-tiec-post1168460.tpo
Yếu tố quyết định tạo bảo kiếm - Tiền Phong,https://tienphong.vn/yeu-to-quyet-dinh-tao-bao-kiem-post1281304.tpo
"Bị bao vây bởi hàng trăm con cá mập, nữ thợ lặn vẫn không hề sợ hãi - Tiền Phong",https://tienphong.vn/bi-bao-vay-boi-hang-tram-con-ca-map-nu-tho-lan-van-khong-he-so-hai-post1290363.tpo
