Title,URL
"Tạo cá tính riêng, chi tiêu dễ dàng với thẻ tín dụng mDigi của MSB",https://tienphong.vn/tao-ca-tinh-rieng-chi-tieu-de-dang-voi-the-tin-dung-mdigi-cua-msb-post1570941.tpo
AppotaPay hợp tác VietJet Air triển khai tính năng đặt vé máy bay trực tiếp,https://tienphong.vn/appotapay-hop-tac-vietjet-air-trien-khai-tinh-nang-dat-ve-may-bay-truc-tiep-post1560970.tpo
Giới giải trí sốc trước cái chết ở tuổi 48 của nữ diva,https://tienphong.vn/gioi-giai-tri-soc-truoc-cai-chet-o-tuoi-48-cua-nu-diva-post1549010.tpo
Điều làm nên cú đột phá của Viettel trong năm thứ 5 tại Myanmar,https://tienphong.vn/dieu-lam-nen-cu-dot-pha-cua-viettel-trong-nam-thu-5-tai-myanmar-post1541380.tpo
Sun World Phú Quốc - Điểm đến ấn tượng bậc nhất Đảo Ngọc dịp Tết Nguyên đán,https://tienphong.vn/sun-world-phu-quoc-diem-den-an-tuong-bac-nhat-dao-ngoc-dip-tet-nguyen-dan-post1504802.tpo
Thói quen giải trí mới với xổ số trên điện thoại,https://tienphong.vn/thoi-quen-giai-tri-moi-voi-xo-so-tren-dien-thoai-post1498327.tpo
"MSB ‘trình làng’ thẻ mDigi, mang đậm phong cách thế hệ số",https://tienphong.vn/msb-trinh-lang-the-mdigi-mang-dam-phong-cach-the-he-so-post1468905.tpo
Hà Nội: Nhiều nội dung kết luận Thanh tra Bộ Xây dựng chưa phù hợp,https://tienphong.vn/ha-noi-nhieu-noi-dung-ket-luan-thanh-tra-bo-xay-dung-chua-phu-hop-post1454960.tpo
Tháo dỡ các công trình vi phạm sau Kết luận Thanh tra Bộ Xây dựng,https://tienphong.vn/thao-do-cac-cong-trinh-vi-pham-sau-ket-luan-thanh-tra-bo-xay-dung-post1454842.tpo
Hè về Hạ Long chơi Sun World cực đã,https://tienphong.vn/he-ve-ha-long-choi-sun-world-cuc-da-post1452653.tpo
Hơn 500 khách hàng tham dự lễ mở bán dự án Mũi Né Summerland,https://tienphong.vn/hon-500-khach-hang-tham-du-le-mo-ban-du-an-mui-ne-summerland-post1442097.tpo
Khánh Hoà nói gì về đất quốc phòng cho thuê không phù hợp quy hoạch Nha Trang?,https://tienphong.vn/khanh-hoa-noi-gi-ve-dat-quoc-phong-cho-thue-khong-phu-hop-quy-hoach-nha-trang-post1441633.tpo
Sun World Halong Complex đón khách trở lại trải nghiệm Cáp treo Nữ Hoàng từ 2/4,https://tienphong.vn/sun-world-halong-complex-don-khach-tro-lai-trai-nghiem-cap-treo-nu-hoang-tu-24-post1428365.tpo
Showbiz 28/3: Danh hài Chiến Thắng có con thứ năm,https://tienphong.vn/showbiz-283-danh-hai-chien-thang-co-con-thu-nam-post1426599.tpo
Diện mạo của 'Tào Tháo' kinh điển nhất màn ảnh Bào Quốc An khi về già ,https://tienphong.vn/dien-mao-cua-tao-thao-kinh-dien-nhat-man-anh-bao-quoc-an-khi-ve-gia-post1426409.tpo
'Bừng sáng Việt Nam 2022' - Chủ đề 'hot' trên mạng xã hội dịp Tết Nguyên đán,https://tienphong.vn/bung-sang-viet-nam-2022-chu-de-hot-tren-mang-xa-hoi-dip-tet-nguyen-dan-post1414068.tpo
Đón xem show âm nhạc của ODE Group trong đêm Giao thừa Tết Nguyên đán 2022,https://tienphong.vn/don-xem-show-am-nhac-cua-ode-group-trong-dem-giao-thua-tet-nguyen-dan-2022-post1411332.tpo
ODE Group hé lộ show 'Bừng sáng Việt Nam 2022' sẽ được phát sóng đêm Giao thừa,https://tienphong.vn/ode-group-he-lo-show-bung-sang-viet-nam-2022-se-duoc-phat-song-dem-giao-thua-post1410716.tpo
Tham vọng Whydah: Đẩy con thuyền công nghệ ra thế giới,https://tienphong.vn/tham-vong-whydah-day-con-thuyen-cong-nghe-ra-the-gioi-post1384336.tpo
"Phạm Anh Khoa: Sau nhiều thăng trầm, sự đồng hành của 'Bức Tường' là duyên tiền định",https://tienphong.vn/pham-anh-khoa-sau-nhieu-thang-tram-su-dong-hanh-cua-buc-tuong-la-duyen-tien-dinh-post1376187.tpo
"Kim Young Dae xác nhận hợp tác cùng Lee Sung Kyung sau ồn ào hủy vai trong ""School 2021""",https://tienphong.vn/kim-young-dae-xac-nhan-hop-tac-cung-lee-sung-kyung-sau-on-ao-huy-vai-trong-school-2021-post1369551.tpo
Top 13 sao Hàn có mức cát-xê quảng cáo 'khủng' nhất: Song Hye Kyo chỉ đứng hạng 12,https://tienphong.vn/top-13-sao-han-co-muc-cat-xe-quang-cao-khung-nhat-song-hye-kyo-chi-dung-hang-12-post1362913.tpo
Tương lai của ngành hàng tiêu dùng nằm trong tay các nhà bán lẻ hiện đại ,https://tienphong.vn/tuong-lai-cua-nganh-hang-tieu-dung-nam-trong-tay-cac-nha-ban-le-hien-dai-post1331604.tpo
"Số ca mắc COVID-19 ở Campuchia tăng vọt, Thái Lan đạt kỷ lục người nhiễm mới",https://tienphong.vn/so-ca-mac-covid-19-o-campuchia-tang-vot-thai-lan-dat-ky-luc-nguoi-nhiem-moi-post1328531.tpo
"Chỉ mới phát hành hai bài hát, tân binh Nhật Bản đã cán mốc 1 triệu người theo dõi",https://tienphong.vn/chi-moi-phat-hanh-hai-bai-hat-tan-binh-nhat-ban-da-can-moc-1-trieu-nguoi-theo-doi-post1312298.tpo
FCB88 - một năm đồng hành cùng người hâm mộ Việt Nam,https://tienphong.vn/fcb88-mot-nam-dong-hanh-cung-nguoi-ham-mo-viet-nam-post1307431.tpo
Bộ sưu tập thời trang lấy cảm hứng từ NovaWorld Phan Thiet làm “nức lòng” khán giả,https://tienphong.vn/bo-suu-tap-thoi-trang-lay-cam-hung-tu-novaworld-phan-thiet-lam-nuc-long-khan-gia-post1305932.tpo
Second home Phan Thiết tăng nhiệt sau trải nghiệm thực tế tại NovaWorld Phan Thiet,https://tienphong.vn/second-home-phan-thiet-tang-nhiet-sau-trai-nghiem-thuc-te-tai-novaworld-phan-thiet-post1280710.tpo
Tập đoàn Novaland 28 năm trọn niềm tin ‘cho cuộc sống bừng sáng’,https://tienphong.vn/tap-doan-novaland-28-nam-tron-niem-tin-cho-cuoc-song-bung-sang-post1275483.tpo
Appota khuyến cáo khách hàng sử dụng đúng sản phẩm và nhãn hiệu,https://tienphong.vn/appota-khuyen-cao-khach-hang-su-dung-dung-san-pham-va-nhan-hieu-post1267909.tpo
Xem AFF Cup 2020 và Vòng loại World Cup 2022 trên kênh nào?,https://tienphong.vn/xem-aff-cup-2020-va-vong-loai-world-cup-2022-tren-kenh-nao-post1267290.tpo
Hè cực đã tại thiên đường giải trí số 1 miền Bắc chỉ với 600 ngàn đồng,https://tienphong.vn/he-cuc-da-tai-thien-duong-giai-tri-so-1-mien-bac-chi-voi-600-ngan-dong-post1252192.tpo
"Đi Hạ Long tiện đủ đường, giá vé chơi công viên nước chỉ 200K",https://tienphong.vn/di-ha-long-tien-du-duong-gia-ve-choi-cong-vien-nuoc-chi-200k-post1240344.tpo
Tin được không? Vé cáp treo Nữ Hoàng tại Hạ Long chỉ còn 175.000 đồng,https://tienphong.vn/tin-duoc-khong-ve-cap-treo-nu-hoang-tai-ha-long-chi-con-175000-dong-post1149880.tpo
"Trấn Thành, Chi Pu cùng dàn sao đình đám Vbiz sẽ góp mặt trong lễ trao giải ""WebTV Asia Awards 2019""",https://tienphong.vn/tran-thanh-chi-pu-cung-dan-sao-dinh-dam-vbiz-se-gop-mat-trong-le-trao-giai-webtv-asia-awards-2019-post1215601.tpo
Thời điểm chín muồi để đầu tư BĐS ở Phú Quốc,https://tienphong.vn/thoi-diem-chin-muoi-de-dau-tu-bds-o-phu-quoc-post1146879.tpo
Kiến nghị xử lý lãnh đạo nhà mạng trong vụ đường dây đánh bạc nghìn tỷ,https://tienphong.vn/kien-nghi-xu-ly-lanh-dao-nha-mang-trong-vu-duong-day-danh-bac-nghin-ty-post1144006.tpo
MC Đại Nghĩa dùng số tiền thưởng kỉ lục gần 1 tỉ để làm từ thiện,https://tienphong.vn/mc-dai-nghia-dung-so-tien-thuong-ki-luc-gan-1-ti-de-lam-tu-thien-post1128281.tpo
"Tuần mới của bạn: Song Tử ngập vượng khí, Kim Ngưu tình yêu thăng hoa",https://tienphong.vn/tuan-moi-cua-ban-song-tu-ngap-vuong-khi-kim-nguu-tinh-yeu-thang-hoa-post1094687.tpo
Sunshine Crystal River - không gian sống thượng lưu cho đại gia đình,https://tienphong.vn/sunshine-crystal-river-khong-gian-song-thuong-luu-cho-dai-gia-dinh-post1093159.tpo
"Vừa công bố các đề cử, Oscar 2019 lại trở thành đề tài tranh cãi",https://tienphong.vn/vua-cong-bo-cac-de-cu-oscar-2019-lai-tro-thanh-de-tai-tranh-cai-post1087305.tpo
Sunshine Crystal River tái định nghĩa về “biệt thự trên không” tại VN,https://tienphong.vn/sunshine-crystal-river-tai-dinh-nghia-ve-biet-thu-tren-khong-tai-vn-post1082251.tpo
Người Mỹ không rời mắt trước hai cảnh đẹp của Việt Nam,https://tienphong.vn/nguoi-my-khong-roi-mat-truoc-hai-canh-dep-cua-viet-nam-post1080907.tpo
"Xét xử vụ đánh bạc nghìn tỷ: Mải kiếm lợi nhuận, quên cả đếm tiền?",https://tienphong.vn/xet-xu-vu-danh-bac-nghin-ty-mai-kiem-loi-nhuan-quen-ca-dem-tien-post1072110.tpo
Chuyện bên lề chuyên án đánh bạc nghìn tỷ xuyên quốc gia,https://tienphong.vn/chuyen-ben-le-chuyen-an-danh-bac-nghin-ty-xuyen-quoc-gia-post1071042.tpo
Nhà hát giao hưởng 1.000 chỗ ở Vĩnh Phúc thường xuyên đóng cửa,https://tienphong.vn/nha-hat-giao-huong-1000-cho-o-vinh-phuc-thuong-xuyen-dong-cua-post1065883.tpo
"Hơn 100 ngày ""mất tích"", Phạm Băng Băng lần đầu lộ diện sau scandal trốn thuế",https://tienphong.vn/hon-100-ngay-mat-tich-pham-bang-bang-lan-dau-lo-dien-sau-scandal-tron-thue-post1199835.tpo
Vụ đánh bạc ngàn tỷ: Nhân lực viết phần mềm được tập hợp thế nào?,https://tienphong.vn/vu-danh-bac-ngan-ty-nhan-luc-viet-phan-mem-duoc-tap-hop-the-nao-post1046778.tpo
Vui cực đã với thế giới trò chơi sôi động tại thiên đường giải trí số ,https://tienphong.vn/vui-cuc-da-voi-the-gioi-tro-choi-soi-dong-tai-thien-duong-giai-tri-so-post1039553.tpo
Phải chăng Gen Z đang mắc “chứng bệnh”... chán-xem-truyền-hình?,https://tienphong.vn/phai-chang-gen-z-dang-mac-chung-benh-chan-xem-truyen-hinh-post1188862.tpo
CQĐT làm việc với VNPT liên quan đến đường dây đánh bạc nghìn tỷ,https://tienphong.vn/cqdt-lam-viec-voi-vnpt-lien-quan-den-duong-day-danh-bac-nghin-ty-post1022062.tpo
"Các fan sắp được gặp ""Giang Thần"" Hồ Nhất Thiên trong vai trò mới",https://tienphong.vn/cac-fan-sap-duoc-gap-giang-than-ho-nhat-thien-trong-vai-tro-moi-post1187997.tpo
Trung tướng Phan Văn Vĩnh rời Phú Thọ về nhà,https://tienphong.vn/trung-tuong-phan-van-vinh-roi-phu-tho-ve-nha-post1016613.tpo
Công an triệu tập Trung tướng Phan Văn Vĩnh lên Phú Thọ,https://tienphong.vn/cong-an-trieu-tap-trung-tuong-phan-van-vinh-len-phu-tho-post1016367.tpo
Phan Sào Nam đưa cả dì ruột vào đường dây đánh bạc,https://tienphong.vn/phan-sao-nam-dua-ca-di-ruot-vao-duong-day-danh-bac-post1016185.tpo
Lộ nhiều đối tượng giúp sức đường dây đánh bạc nghìn tỷ,https://tienphong.vn/lo-nhieu-doi-tuong-giup-suc-duong-day-danh-bac-nghin-ty-post1016107.tpo
Vụ đánh bạc trực tuyến lớn nhất Việt Nam:Lỗ hổng trong quản lý thẻ cào,https://tienphong.vn/vu-danh-bac-truc-tuyen-lon-nhat-viet-namlo-hong-trong-quan-ly-the-cao-post1016078.tpo
"Đường dây đánh bạc ngàn tỷ: 3,5 triệu USD đã chuyển sang Singapore",https://tienphong.vn/duong-day-danh-bac-ngan-ty-35-trieu-usd-da-chuyen-sang-singapore-post1015782.tpo
Nhà mạng hưởng lợi 1.400 tỷ từ vụ đánh bạc liên quan tướng công an,https://tienphong.vn/nha-mang-huong-loi-1400-ty-tu-vu-danh-bac-lien-quan-tuong-cong-an-post1015660.tpo
14 triệu người sát phạt trên 'sòng bạc Rikvip' của Phan Sào Nam,https://tienphong.vn/14-trieu-nguoi-sat-phat-tren-song-bac-rikvip-cua-phan-sao-nam-post1015655.tpo
Đường dây đánh bạc nghìn tỷ: Nhà mạng hưởng lợi bao nhiêu?,https://tienphong.vn/duong-day-danh-bac-nghin-ty-nha-mang-huong-loi-bao-nhieu-post1014880.tpo
