Title,URL,Publish Date,Mentioned Times
Giá trị vượt thời gian từ bản lĩnh của 'người tiên phong' số hóa ngành ngân hàng,/gia-tri-vuot-thoi-gian-tu-ban-linh-cua-nguoi-tien-phong-so-hoa-nganh-ngan-hang-185230918144213896.htm,2023-09-18,6
Giới trẻ tiên phong thực hiện mục tiêu phát triển bền vững,/gioi-tre-tien-phong-thuc-hien-muc-tieu-phat-trien-ben-vung-185230917031405824.htm,2023-09-17,9
'Mách nước' cho thanh niên cách bán hàng trực tuyến,/mach-nuoc-cho-thanh-nien-cach-ban-hang-truc-tuyen-185230916174345545.htm,2023-09-16,8
Hội nghị Nghị sĩ trẻ toàn cầu lần thứ 9 đã phá vỡ nhiều kỷ lục,/hoi-nghi-nghi-si-tre-toan-cau-lan-thu-9-da-pha-vo-nhieu-ky-luc-185230916174657075.htm,2023-09-16,4
Tuyên bố Hội nghị Nghị sĩ trẻ toàn cầu lần thứ 9 tại Hà Nội,/tuyen-bo-hoi-nghi-nghi-si-tre-toan-cau-lan-thu-9-tai-ha-noi-185230916144125485.htm,2023-09-16,4
Thúc đẩy đổi mới sáng tạo,/thuc-day-doi-moi-sang-tao-185230915235106736.htm,2023-09-16,17
'Ngọn hải đăng' trao quyền cho giới trẻ về công nghệ,/ngon-hai-dang-trao-quyen-cho-gioi-tre-ve-cong-nghe-185230915235224251.htm,2023-09-16,7
"EVNGENCO1 quyết tâm hoàn thành mục tiêu, nhiệm vụ năm 2023",/evngenco1-quyet-tam-hoan-thanh-muc-tieu-nhiem-vu-nam-2023-185230915174140759.htm,2023-09-15,3
Nghị sĩ nước ngoài mong muốn điều gì tại Hội nghị Nghị sĩ trẻ toàn cầu?,/nghi-si-nuoc-ngoai-mong-muon-dieu-gi-tai-hoi-nghi-nghi-si-tre-toan-cau-185230915175632911.htm,2023-09-15,6
Schneider Electric cải tiến các công nghệ AI để chuyển đổi số ngành năng lượng,/schneider-electric-cai-tien-cac-cong-nghe-ai-de-chuyen-doi-so-nganh-nang-luong-185230915153739268.htm,2023-09-15,1
