Title,URL,Publish Date,Mentioned Times,Word Count
Giải mã chiến lược Chuyển đổi số hiệu quả dành cho doanh nghiệp,/giai-ma-chien-luoc-chuyen-doi-so-hieu-qua-danh-cho-doanh-nghiep-20230919161903988.htm,2023-09-20,3,1286
"Pin xe đạp, xe máy điện có những loại nào, độ an toàn ra sao?",/pin-xe-dap-xe-may-dien-co-nhung-loai-nao-co-do-an-toan-ra-sao-20230918191211991.htm,2023-09-19,0,1106
Tiềm năng to lớn từ kinh tế số để quảng bá sản phẩm OCOP,/tiem-nang-to-lon-tu-kinh-te-so-de-quang-ba-san-pham-ocop-20230916174957051.htm,2023-09-16,3,1196
Lần đầu tổ chức diễn đàn quốc gia về kinh tế số - xã hội số,/lan-dau-to-chuc-dien-dan-quoc-gia-ve-kinh-te-so-xa-hoi-so-20230914132116446.htm,2023-09-14,3,1042
Bắt kẻ cấu kết với nhân viên ngân hàng để mua bán thông tin tài khoản,/bat-ke-cau-ket-voi-nhan-vien-ngan-hang-de-mua-ban-thong-tin-tai-khoan-20230912175137984.htm,2023-12-09,0,865
Tầm nhìn 'hổ châu Á',/tam-nhin-ho-chau-a-20230911083836378.htm,2023-11-09,0,1102
Nhiều hợp đồng tỉ đô chờ ký trong chuyến thăm của tổng thống Mỹ,/nhieu-hop-dong-ti-do-cho-ky-trong-chuyen-tham-cua-tong-thong-my-20230909164454673.htm,2023-09-09,0,1563
Trang bị ‘kỹ năng mềm’ cho sinh viên,/trang-bi-ky-nang-mem-cho-sinh-vien-20230909113247697.htm,2023-09-09,0,877
Audi Q8 2024 ra mắt: Đèn ban ngày cho người dùng tự thiết kế,/audi-q8-2024-ra-mat-den-ban-ngay-cho-nguoi-dung-tu-thiet-ke-20230906182801019.htm,2023-08-09,0,739
Chuyển đổi số báo chí: nhiều điều mong muốn nhưng chưa làm được,/chuyen-doi-so-bao-chi-nhieu-dieu-mong-muon-nhung-chua-lam-duoc-20230907185611568.htm,2023-07-09,0,1272
Cảnh báo thủ đoạn nhờ khách sạn đặt tiệc để lừa đảo,/canh-bao-thu-doan-nho-khach-san-dat-tiec-de-lua-dao-20230907101000274.htm,2023-07-09,0,835
ChatGPT có thể thay thế sách và tự đọc sách không?,/chatgpt-co-the-thay-the-sach-va-tu-doc-sach-khong-20230901174543195.htm,2023-01-09,4,997
Mỹ buộc tội người giúp buôn lậu vi điện tử sang Nga,/my-buoc-toi-nguoi-giup-buon-lau-vi-dien-tu-sang-nga-2023090107332096.htm,2023-01-09,0,827
Điểm tin 18h: Phà Vàm cống chạy lại từ 1-9; Ca sĩ bán kẹo kéo thi hoa hậu Hoàn vũ Việt Nam,/diem-tin-18h-pha-vam-cong-chay-lai-tu-1-9-ca-si-ban-keo-keo-thi-hoa-hau-hoan-vu-viet-nam-20230831164435194.htm,2023-08-31,0,553
Nông thôn mới Quảng Trị chuyển biến mạnh mẽ từ lượng sang chất,/nong-thon-moi-quang-tri-chuyen-bien-manh-me-tu-luong-sang-chat-20230831104518078.htm,2023-08-31,3,1829
Lệch pha công nghệ metro: Không ổn,/lech-pha-cong-nghe-metro-khong-on-20230822093535959.htm,2023-08-22,0,3364
Start-up Việt nhộn nhịp xuất ngoại,/start-up-viet-nhon-nhip-xuat-ngoai-20230820212500461.htm,2023-08-21,2,1741
Vụ Việt Á: Cơ quan điều tra nói gì về trách nhiệm của lãnh đạo Bộ Khoa học và Công nghệ?,/vu-viet-a-co-quan-dieu-tra-noi-gi-ve-trach-nhiem-cua-lanh-dao-bo-khoa-hoc-va-cong-nghe-20230819151050788.htm,2023-08-19,0,1613
Các tỉ phú công nghệ đổ xô đến Ukraine,/cac-ti-phu-cong-nghe-do-xo-den-ukraine-20230817105013701.htm,2023-08-17,0,1069
Vụ Trung tâm Ứng dụng tiến bộ khoa học công nghệ Bạc Liêu tự đóng cửa: nguyên giám đốc đòi nợ lương,/vu-trung-tam-ung-dung-tien-bo-khoa-hoc-cong-nghe-bac-lieu-tu-dong-cua-nguyen-giam-doc-doi-no-luong-20230817164735214.htm,2023-08-17,0,944
Xây dựng ‘tòa soạn số’ để phục vụ bạn đọc tốt hơn,/xay-dung-toa-soan-so-de-phuc-vu-ban-doc-tot-hon-20230817144140344.htm,2023-08-17,2,1712
Khi điện thoại 'nửa kia' có app hẹn hò,/khi-dien-thoai-nua-kia-co-app-hen-ho-20230813100431693.htm,2023-08-13,0,1514
"Làm sếp của những người thông minh, dễ hay khó?",/lam-sep-cua-nhung-nguoi-thong-minh-de-hay-kho-20230720145834102.htm,2023-09-08,0,1748
Tài xế xe công nghệ ám ảnh với tiền trả góp,/tai-xe-xe-cong-nghe-am-anh-voi-tien-tra-gop-2023080322454538.htm,2023-04-08,0,1706
Chơi xổ số vui theo nhu cầu,/choi-xo-so-vui-theo-nhu-cau-20230801135945893.htm,2023-01-08,0,1367
Ứng dụng công nghệ trong học tiếng Anh: bệ phóng giúp con bứt phá,/ung-dung-cong-nghe-trong-hoc-tieng-anh-be-phong-giup-con-but-pha-20230729054038447.htm,2023-07-29,6,1334
Tin tức thế giới 28-7: Ukraine giữ thiết quân luật; Tình báo Mỹ khẳng định Trung Quốc giúp Nga,/tin-tuc-the-gioi-28-7-ukraine-giu-thiet-quan-luat-tinh-bao-my-khang-dinh-trung-quoc-giup-nga-20230728055444023.htm,2023-07-28,0,1509
Đọc báo cùng bạn 25-7: Gỡ trăn trở cho 'liệt sĩ sống',/doc-bao-cung-ban-25-7-go-tran-tro-cho-liet-si-song-2023072503524158.htm,2023-07-25,0,486
Xe đạp có công nghệ cảnh báo va chạm như ô tô,/xe-dap-co-cong-nghe-canh-bao-va-cham-nhu-o-to-20230719151123507.htm,2023-07-24,0,670
Trung ương Đoàn phát động xây dựng 'Làng quê đáng sống',/trung-uong-doan-phat-dong-xay-dung-lang-que-dang-song-20230723161112668.htm,2023-07-23,2,864
‘Nuôi heo đất’ thời công nghệ số,/nuoi-heo-dat-thoi-cong-nghe-so-20230718164113531.htm,2023-07-19,2,1178
Báo Mỹ: Nỗ lực số hóa của Việt Nam thúc đẩy phong trào khởi nghiệp,/bao-my-no-luc-so-hoa-cua-viet-nam-thuc-day-phong-trao-khoi-nghiep-20230713153747457.htm,2023-07-13,0,887
Thúc đẩy sản phẩm công nghệ số Make in Viet Nam ra thị trường nước ngoài,/thuc-day-san-pham-cong-nghe-so-make-in-viet-nam-ra-thi-truong-nuoc-ngoai-20230712104211986.htm,2023-12-07,15,917
Chuyển đổi số không khó khăn vì công nghệ,/chuyen-doi-so-khong-kho-khan-vi-cong-nghe-20230706120545293.htm,2023-06-07,2,1228
VIB ra mắt ứng dụng ngân hàng số tích hợp Soft POS,/vib-ra-mat-ung-dung-ngan-hang-so-tich-hop-soft-pos-20230705184840448.htm,2023-06-07,0,1489
Úc tài trợ thêm 17 triệu AUD cho đổi mới sáng tạo của Việt Nam,/uc-tai-tro-them-17-trieu-aud-cho-doi-moi-sang-tao-cua-viet-nam-20230630193247862.htm,2023-06-30,0,982
Sẽ vinh danh Top 10 doanh nghiệp công nghệ số xuất sắc Việt Nam 2023,/se-vinh-danh-top-10-doanh-nghiep-cong-nghe-so-xuat-sac-viet-nam-2023-20230627190238198.htm,2023-06-27,9,738
"Để an toàn, bảo mật cho khách hàng, Vietcombank điều chỉnh phí dịch vụ thẻ",/de-an-toan-bao-mat-cho-khach-hang-vietcombank-dieu-chinh-phi-dich-vu-the-20230626161317321.htm,2023-06-26,0,1529
VNPAY triển khai hàng trăm ưu đãi hấp dẫn hưởng ứng Ngày không tiền mặt 2023,/vnpay-trien-khai-hang-tram-uu-dai-hap-dan-huong-ung-ngay-khong-tien-mat-2023-20230626131356712.htm,2023-06-26,1,884
Chuyển đổi số cán bộ,/chuyen-doi-so-can-bo-20230626090044324.htm,2023-06-26,1,1004
Cán bộ 'yếu' công nghệ thông tin không được xét khen thưởng,/can-bo-yeu-cong-nghe-thong-tin-khong-duoc-xet-khen-thuong-20230624100822342.htm,2023-06-24,0,737
Việt Nam là quốc gia tăng trưởng nhanh về ứng dụng ngân hàng số,/viet-nam-la-quoc-gia-tang-truong-nhanh-ve-ung-dung-ngan-hang-so-20230620191526876.htm,2023-06-20,2,985
Trung Quốc phản đối quan chức Anh gặp lãnh đạo Đài Loan,/trung-quoc-phan-doi-quan-chuc-anh-gap-lanh-dao-dai-loan-20230618213423012.htm,2023-06-18,4,779
Ứng dụng công nghệ ngăn tảo hôn,/ung-dung-cong-nghe-ngan-tao-hon-20230618000207239.htm,2023-06-18,1,1546
Quan chức cấp cao của Đài Loan gặp một loạt thành viên chính phủ Anh,/quan-chuc-cap-cao-cua-dai-loan-gap-mot-loat-thanh-vien-chinh-phu-anh-20230617115613322.htm,2023-06-17,2,980
Người làm báo cần thay đổi tư duy để tham gia vào chuyển đổi số,/nguoi-lam-bao-can-thay-doi-tu-duy-de-tham-gia-vao-chuyen-doi-so-20230616195248894.htm,2023-06-16,0,1333
Chân dung chi tiết của một giám đốc công nghệ thông tin (phần 1),/chan-dung-chi-tiet-cua-mot-giam-doc-cong-nghe-thong-tin-phan-1-20230608161337323.htm,2023-06-15,0,1974
"Công nghệ thông tin - viễn thông Việt Nam là điểm sáng, doanh thu tới 148 tỉ USD",/cong-nghe-thong-tin-vien-thong-viet-nam-la-diem-sang-doanh-thu-toi-148-ti-usd-20230612201147092.htm,2023-12-06,1,1180
"Honduras mở đại sứ quán tại Trung Quốc, quan chức cấp cao Đài Loan sắp thăm Anh",/honduras-mo-dai-su-quan-tai-trung-quoc-quan-chuc-cap-cao-dai-loan-sap-tham-anh-20230611122111533.htm,2023-11-06,4,1144
Đã đến lúc sửa đổi Luật Báo chí 2016 để phù hợp với thực tiễn,/da-den-luc-sua-doi-luat-bao-chi-2016-de-phu-hop-voi-thuc-tien-202306101423053.htm,2023-10-06,0,1159
'Chuyển đổi số để người dân hạnh phúc hơn',/chuyen-doi-so-de-nguoi-dan-hanh-phuc-hon-20230609173153815.htm,2023-09-06,2,927
Có cơ chế tháo gỡ cho dự án công viên phần mềm số 2 Đà Nẵng,/co-co-che-thao-go-cho-du-an-cong-vien-phan-mem-so-2-da-nang-20230608095320611.htm,2023-08-06,0,1750
Bộ Thông tin và Truyền thông đánh giá mức độ chuyển đổi số của các cơ quan báo chí,/bo-thong-tin-va-truyen-thong-danh-gia-muc-do-chuyen-doi-so-cua-cac-co-quan-bao-chi-20230603084324442.htm,2023-03-06,5,892
EVNCPC liên tục đoạt giải thưởng cao trong sáng tạo khoa học,/evncpc-lien-tuc-doat-giai-thuong-cao-trong-sang-tao-khoa-hoc-20230601112930112.htm,2023-01-06,2,1020
"Từ ngày 1-6, cá nhân được đăng ký tên miền .vn với lệ phí siêu rẻ",/tu-ngay-1-6-ca-nhan-duoc-dang-ky-ten-mien-vn-voi-le-phi-sieu-re-20230531213919526.htm,2023-05-31,3,1248
'Vắc xin số' bảo vệ trẻ trên mạng,/vac-xin-so-bao-ve-tre-tren-mang-20230530230927312.htm,2023-05-31,0,1338
Nghiên cứu chính sách thử nghiệm thu hút tập đoàn công nghệ số hàng đầu thế giới,/nghien-cuu-chinh-sach-thu-nghiem-thu-hut-tap-doan-cong-nghe-so-hang-dau-the-gioi-20230525061312814.htm,2023-05-25,7,1182
VIETMAP: hành trình trở thành thương hiệu hàng đầu lĩnh vực bản đồ số,/vietmap-hanh-trinh-tro-thanh-thuong-hieu-hang-dau-linh-vuc-ban-do-so-20230524172545352.htm,2023-05-25,0,1546
Khai thác dữ liệu số là ‘mỏ vàng’ cho tăng trưởng kinh tế,/khai-thac-du-lieu-so-la-mo-vang-cho-tang-truong-kinh-te-20230524162054498.htm,2023-05-24,7,1125
Samsung mang chương trình giáo dục công nghệ toàn cầu đến miền Trung,/samsung-mang-chuong-trinh-giao-duc-cong-nghe-toan-cau-den-mien-trung-2023052319001674.htm,2023-05-23,1,972
Tiếp tục xử lý các sai phạm ở Sở Khoa học và Công nghệ Đồng Nai,/tiep-tuc-xu-ly-cac-sai-pham-o-so-khoa-hoc-cong-nghe-dong-nai-20230523145505245.htm,2023-05-23,0,1245
Công nghệ cao - trụ cột phát triển Đà Nẵng trong tương lai,/cong-nghe-cao-tru-cot-phat-trien-da-nang-trong-tuong-lai-202305221631157.htm,2023-05-23,0,1667
Đón hè năng động cùng Lễ hội thiếu nhi lần đầu tổ chức ở TP.HCM,/don-he-nang-dong-cung-le-hoi-thieu-nhi-lan-dau-to-chuc-o-tp-hcm-20230522132423129.htm,2023-05-22,2,911
VietinBank: 97% giao dịch khách hàng thực hiện trên kênh số,/vietinbank-97-giao-dich-khach-hang-thuc-hien-tren-kenh-so-20230519182241288.htm,2023-05-19,0,1496
Đề xuất WTO kết nối đưa sản phẩm của Việt Nam ra thế giới,/de-xuat-wto-ket-noi-dua-san-pham-cua-viet-nam-ra-the-gioi-20230519163024726.htm,2023-05-19,3,1482
Tin tức sáng 19-5: Đề xuất ngừng nhà máy đạm Cà Mau và Phú Mỹ nhường khí cho điện,/tin-tuc-sang-19-5-de-xuat-ngung-nha-may-dam-ca-mau-va-phu-my-nhuong-khi-cho-dien-20230518152521363.htm,2023-05-19,0,1403
Ba công nghệ định hình xu hướng tiếp thị số,/ba-cong-nghe-dinh-hinh-xu-huong-tiep-thi-so-20230517143226008.htm,2023-05-17,0,1273
"Tin tức sáng 15-5: El Nino quay lại, nhiều nơi đối mặt nắng nóng kỷ lục",/tin-tuc-sang-15-5-el-nino-quay-lai-nhieu-noi-doi-mat-nang-nong-ky-luc-20230510141748572.htm,2023-05-15,0,1639
"Game hóa bài giảng, học sinh có học tốt hơn?",/game-hoa-bai-giang-hoc-sinh-co-hoc-tot-hon-20230513165208901.htm,2023-05-13,2,1291
Triển khai nhiều giải pháp giải quyết thủ tục hưởng BHXH một lần,/trien-khai-nhieu-giai-phap-giai-quyet-thu-tuc-huong-bhxh-mot-lan-20230510161433615.htm,2023-10-05,0,1071
Business Analyst (BA) là ai? Vị trí BA phụ trách những công việc gì? (phần 1),/business-analyst-ba-la-ai-vi-tri-ba-phu-trach-nhung-cong-viec-gi-phan-1-20230510113026464.htm,2023-10-05,0,1276
"15 triệu công nhân, kỹ sư... cần thích nghi với chuyển đổi số",/15-trieu-cong-nhan-ky-su-can-thich-nghi-voi-chuyen-doi-so-20230509111323024.htm,2023-09-05,0,929
Ba người bị phạt vì chuyển người chết do bệnh thành 'bị đâm nhiều nhát',/ba-nguoi-bi-phat-vi-chuyen-nguoi-chet-do-benh-thanh-bi-dam-nhieu-nhat-2023050611414295.htm,2023-06-05,0,955
Ngân hàng Agribank giành 'cú đúp' giải thưởng Sao Khuê 2023,/ngan-hang-agribank-gianh-cu-dup-giai-thuong-sao-khue-2023-20230505174425953.htm,2023-05-05,1,998
Chuyển đổi số ngành GTVT và bài toán nguồn nhân lực,/chuyen-doi-so-nganh-gtvt-va-bai-toan-nguon-nhan-luc-20230422093714467.htm,2023-04-22,0,651
Chuyên viên Marketing là ai? Kỹ năng cần có và điều kiện ứng tuyển (phần 2),/chuyen-vien-marketing-la-ai-ky-nang-can-co-va-dieu-kien-ung-tuyen-phan-2-20230421142839325.htm,2023-04-22,1,1835
Tạo môi trường thuận lợi để mọi người viết và đọc sách,/tao-moi-truong-thuan-loi-de-moi-nguoi-viet-va-doc-sach-20230421195036407.htm,2023-04-21,3,1540
Đột phá trong ngành công nghiệp dược phẩm nhờ ứng dụng AI,/dot-pha-trong-nganh-cong-nghiep-duoc-pham-nho-ung-dung-ai-20230419142057446.htm,2023-04-19,0,1014
Thái Lan áp dụng nhận dạng khuôn mặt trong kiểm soát dịch bệnh,/thai-lan-ap-dung-nhan-dang-khuon-mat-trong-kiem-soat-dich-benh-20230417155551203.htm,2023-04-17,0,720
AI giúp chúng ta 'gặp lại' người thân đã khuất?,/ai-giup-chung-ta-gap-lai-nguoi-than-da-khuat-20230414230732374.htm,2023-04-15,0,1403
7 điều ứng viên cần biết về vị trí giao dịch viên (Phần 1),/7-dieu-ung-vien-can-biet-ve-vi-tri-giao-dich-vien-phan-1-20230406160439435.htm,2023-11-04,0,1841
"‘Xã 4.0’ và nỗ lực phổ cập thanh toán, tài chính số của Viettel Money",/xa-40-va-no-luc-pho-cap-thanh-toan-tai-chinh-so-cua-viettel-money-20230410174420623.htm,2023-10-04,0,1336
Cây xăng bơm thiếu nhưng tự làm tròn số tiền do lỗi mạch điện,/cay-xang-bom-thieu-nhung-tu-lam-tron-so-tien-do-loi-mach-dien-2023040412533428.htm,2023-04-04,0,805
Generali là FDI hàng đầu về trải nghiệm khách hàng tại Việt Nam,/generali-la-fdi-hang-dau-ve-trai-nghiem-khach-hang-tai-viet-nam-20230330102541843.htm,2023-03-30,2,1273
"Sau điều tra của Tuổi Trẻ, các nền tảng quảng bá ‘siêu giảm béo’ của Americare clinic… biến mất",/sau-dieu-tra-cua-tuoi-tre-cac-nen-tang-quang-ba-sieu-giam-beo-cua-americare-clinic-bien-mat-20230327112236999.htm,2023-03-27,0,935
Tạo bình đẳng cho người dân khi tiếp cận dịch vụ chuyển đổi số,/tao-binh-dang-cho-nguoi-dan-khi-tiep-can-dich-vu-chuyen-doi-so-20230325104405814.htm,2023-03-25,0,1231
EC đề xuất các quy định mới để giảm thiểu rác thải công nghệ,/ec-de-xuat-cac-quy-dinh-moi-de-giam-thieu-rac-thai-cong-nghe-2023032413594633.htm,2023-03-24,0,886
Agribank Lâm Đồng hướng tới ngân hàng hiện đại chuyên nghiệp - số hóa,/agribank-lam-dong-huong-toi-ngan-hang-hien-dai-chuyen-nghiep-so-hoa-20230324150750219.htm,2023-03-24,1,1360
"Công nghệ AI giúp nông dân dự báo sản lượng, quản lý mùa vụ trồng trọt",/cong-nghe-ai-giup-nong-dan-du-bao-san-luong-quan-ly-mua-vu-trong-trot-20230323163000535.htm,2023-03-23,0,804
"Ngân hàng chạy đua đầu tư công nghệ, thu hút khách hàng",/ngan-hang-chay-dua-dau-tu-cong-nghe-thu-hut-khach-hang-20230323155249041.htm,2023-03-23,1,1564
Miễn phí dịch vụ chữ ký số VNPT SmartCA khi giao dịch trên cổng dịch vụ công,/mien-phi-dich-vu-chu-ky-so-vnpt-smartca-khi-giao-dich-tren-cong-dich-vu-cong-20230322160737352.htm,2023-03-22,0,1058
VUS tổ chức trao chứng chỉ quốc tế Cambridge cho 1.516 học viên,/vus-to-chuc-trao-chung-chi-quoc-te-cambridge-cho-1-516-hoc-vien-20230321170528022.htm,2023-03-21,2,1136
Microsoft sẽ tích hợp ChatGPT vào các ứng dụng hỗ trợ giáo viên,/microsoft-se-tich-hop-chatgpt-vao-cac-ung-dung-ho-tro-giao-vien-2023031814195364.htm,2023-03-18,0,1344
Hé lộ lý do ô tô dễ bị hack hơn điện thoại: Tới từ chính nhà sản xuất?,/he-lo-ly-do-o-to-de-bi-hack-hon-dien-thoai-toi-tu-chinh-nha-san-xuat-20230309112913526.htm,2023-03-18,0,1196
Để con không bị nhấn chìm trong Internet,/de-con-khong-bi-nhan-chim-trong-internet-20230310225345537.htm,2023-11-03,0,1788
Du học đón đầu xu thế chuyển đổi kỹ thuật số,/du-hoc-don-dau-xu-the-chuyen-doi-ky-thuat-so-20230308123035193.htm,2023-10-03,0,1369
Cả ngàn người hớn hở tham gia phiên chợ thanh toán bằng lá cây ở Đồng Nai,/ca-ngan-nguoi-hon-ho-tham-gia-phien-cho-thanh-toan-bang-la-cay-o-dong-nai-2023030820192119.htm,2023-08-03,1,924
"Thủ tướng gợi mở hướng hợp tác Việt Nam - Nhật Bản: đổi mới công nghệ, phát triển xanh",/thu-tuong-goi-mo-huong-hop-tac-viet-nam-nhat-ban-doi-moi-cong-nghe-phat-trien-xanh-20230307095007684.htm,2023-07-03,0,1595
"Nội thất ô tô bất thường nhất thế giới: Vô lăng dị, ghế sofa, táp lô gây ‘nhức nhối’ đều có đủ",/noi-that-o-to-bat-thuong-nhat-the-gioi-vo-lang-di-ghe-sofa-tap-lo-gay-nhuc-nhoi-deu-co-du-20230306114620317.htm,2023-06-03,0,2418
"Người khuyết tật truyền nghị lực trên mạng xã hội - Kỳ cuối: Đừng khóc, hãy yêu mình và yêu người",/nguoi-khuyet-tat-truyen-nghi-luc-tren-mang-xa-hoi-ky-cuoi-dung-khoc-hay-yeu-minh-va-yeu-nguoi-20230305230604376.htm,2023-06-03,0,2020
Viettel công bố hợp tác với Intel và Qualcomm tại MWC 2023,/viettel-cong-bo-hop-tac-voi-intel-va-qualcomm-tai-mwc-2023-20230302212017242.htm,2023-03-03,1,1279
"Đọc báo cùng bạn 1-3: Công ty 'ma' tung hoành, vì sao?",/doc-bao-cung-ban-1-3-cong-ty-ma-tung-hoanh-vi-sao-20230301030522267.htm,2023-01-03,0,545
Ứng dụng công nghệ số trong phỏng vấn thực tập tốt nghiệp tại UEF,/ung-dung-cong-nghe-so-trong-phong-van-thuc-tap-tot-nghiep-tai-uef-20230225111524834.htm,2023-02-25,1,877
Thủ tướng: Không yêu cầu xác nhận cư trú trong giải quyết thủ tục hành chính,/thu-tuong-khong-yeu-cau-xac-nhan-cu-tru-trong-giai-quyet-thu-tuc-hanh-chinh-20230225133206404.htm,2023-02-25,0,3198
Nguồn thu nào cho báo chí Việt thời công nghệ số?,/nguon-thu-nao-cho-bao-chi-viet-thoi-cong-nghe-so-20230224144810992.htm,2023-02-24,3,1265
Tháng Thanh niên: Tuổi trẻ tiên phong chuyển đổi số,/thang-thanh-nien-tuoi-tre-tien-phong-chuyen-doi-so-20230222150412252.htm,2023-02-22,3,1087
Phát triển ứng dụng 'Đồng Nai CĐS' mang lại tiện ích cho người dân,/phat-trien-ung-dung-dong-nai-cds-mang-lai-tien-ich-cho-nguoi-dan-20230221145949582.htm,2023-02-21,0,449
Đua thành doanh nghiệp công nghệ,/dua-thanh-doanh-nghiep-cong-nghe-20230219233645293.htm,2023-02-20,0,1562
Đặc quyền cho chủ thẻ tín dụng trên ngân hàng số MyVIB 2.0,/dac-quyen-cho-chu-the-tin-dung-tren-ngan-hang-so-myvib-20-20230218112113873.htm,2023-02-20,0,1388
Công nghệ đắt tiền đang khiến độ đáng tin cậy của xe sang giảm sút,/cong-nghe-dat-tien-dang-khien-do-dang-tin-cay-cua-xe-sang-giam-sut-20230214213107858.htm,2023-02-18,0,865
"Lần đầu TP.HCM không thiếu máu dịp Tết, nhờ ứng dụng Giọt máu vàng",/lan-dau-tp-hcm-khong-thieu-mau-dip-tet-nho-ung-dung-giot-mau-vang-20230216120533207.htm,2023-02-16,0,1086
Shopee dự đoán 3 xu hướng tiêu dùng nổi bật tại Việt Nam năm 2023,/shopee-du-doan-3-xu-huong-tieu-dung-noi-bat-tai-viet-nam-nam-2023-20230214154418874.htm,2023-02-15,0,1395
Người dùng Việt dành hơn 37 triệu giờ mua hàng qua livestream trên một nền tảng thương mại điện tử,/nguoi-dung-viet-danh-hon-37-trieu-gio-mua-hang-qua-livestream-tren-mot-nen-tang-thuong-mai-dien-tu-20230214130759287.htm,2023-02-14,0,883
"99% mô hình nuôi biển tại Việt Nam là nhỏ lẻ, cần gỡ nút thắt về chính sách để nuôi công nghiệp",/99-mo-hinh-nuoi-bien-tai-viet-nam-la-nho-le-can-go-nut-that-ve-chinh-sach-de-nuoi-cong-nghiep-20230214110657254.htm,2023-02-14,0,1815
Bộ Chính trị: Đưa Việt Nam vào tốp đầu châu Á về công nghệ sinh học,/bo-chinh-tri-dua-viet-nam-vao-top-dau-chau-a-ve-cong-nghe-sinh-hoc-20230206175035667.htm,2023-06-02,0,1302
Chung sống cùng ChatGPT,/chung-song-cung-chatgpt-20230206072452247.htm,2023-06-02,0,1067
"Năm 2022: MB làm chủ công nghệ, tiếp tục ghi dấu ấn chuyển đổi số",/nam-2022-mb-lam-chu-cong-nghe-tiep-tuc-ghi-dau-an-chuyen-doi-so-20230201105328979.htm,2023-01-02,0,1476
Nhật hạn chế xuất khẩu công nghệ qua Nga và Trung Quốc,/nhat-han-che-xuat-khau-cong-nghe-qua-nga-va-trung-quoc-20230127105000134.htm,2023-01-27,0,876
"Gần Tết, bắt được xe công nghệ cứ như... trúng số",/gan-tet-bat-duoc-xe-cong-nghe-cu-nhu-trung-so-20230118162649227.htm,2023-01-18,0,1622
Làm vườn 'thu hoạch' data,/lam-vuon-thu-hoach-data-20230109085513042.htm,2023-09-01,2,1470
Kiến nghị tiếp tục khai thác cầu tàu bến Bạch Đằng phục vụ du lịch đường thủy,/kien-nghi-tiep-tuc-khai-thac-cau-tau-ben-bach-dang-phuc-vu-du-lich-duong-thuy-20230107145735578.htm,2023-07-01,0,765
"Năm 2022, TP.HCM chi 10.000 tỉ đồng cho khoa học công nghệ",/nam-2022-tp-hcm-chi-10-000-ti-dong-cho-khoa-hoc-cong-nghe-20230106171221924.htm,2023-06-01,0,1274
Trung Quốc mở 'chợ' tài sản kỹ thuật số,/trung-quoc-mo-cho-tai-san-ky-thuat-so-20230104113246154.htm,2023-04-01,0,692
Hút tiền từ trung tâm dữ liệu ở Việt Nam,/hut-tien-tu-trung-tam-du-lieu-o-viet-nam-20230102233503088.htm,2023-03-01,0,1500
"Công đoàn Tổng công ty Điện lực miền Nam hoàn thành nhiệm vụ, về đích trước 3 tháng",/cong-doan-tong-cong-ty-dien-luc-mien-nam-hoan-thanh-nhiem-vu-ve-dich-truoc-3-thang-20221231143726998.htm,2022-12-31,0,448
Trung tâm công nghệ cao Trung Quốc bỏ hạn chế mua bất động sản để kích cầu,/trung-tam-cong-nghe-cao-trung-quoc-bo-han-che-mua-bat-dong-san-de-kich-cau-20221230211258717.htm,2022-12-30,0,950
Điện lực Bình Thuận ứng dụng chuyển đổi số trong dịch vụ khách hàng,/dien-luc-binh-thuan-ung-dung-chuyen-doi-so-trong-dich-vu-khach-hang-20221230083246186.htm,2022-12-30,0,439
Công ty Điện lực Đồng Tháp áp dụng chuyển đổi số trong 6 lĩnh vực cốt lõi,/cong-ty-dien-luc-dong-thap-ap-dung-chuyen-doi-so-trong-6-linh-vuc-cot-loi-20221228114526048.htm,2022-12-28,0,466
"Năm 2022, nhiều cơ quan báo chí đã tiếp cận công nghệ làm báo hiện đại",/nam-2022-nhieu-co-quan-bao-chi-da-tiep-can-cong-nghe-lam-bao-hien-dai-20221224103208675.htm,2022-12-24,0,1369
Điện lực TP.HCM được chứng nhận hình thành doanh nghiệp số,/dien-luc-tp-hcm-duoc-chung-nhan-hinh-thanh-doanh-nghiep-so-20221221134929378.htm,2022-12-21,2,1023
Apple sản xuất MacBook tại Việt Nam vào năm 2023,/apple-san-xuat-macbook-tai-viet-nam-vao-nam-2023-20221220145146567.htm,2022-12-20,0,762
Phụ phẩm gạo lên sàn thương mại điện tử hy vọng giao dịch được 50.000 tấn/tháng,/phu-pham-gao-len-san-thuong-mai-dien-tu-hy-vong-giao-dich-duoc-50-000-tan-thang-2022121911551454.htm,2022-12-19,3,893
‘Sau một năm nếu không hoàn thành nhiệm vụ thì chủ động xin từ chức’,/sau-mot-nam-neu-khong-hoan-thanh-nhiem-vu-thi-chu-dong-xin-tu-chuc-20221218113807626.htm,2022-12-18,6,1585
EU dọa trừng phạt Elon Musk vì Twitter đình chỉ tài khoản nhà báo,/eu-doa-trung-phat-elon-musk-vi-twitter-dinh-chi-tai-khoan-nha-bao-20221217071736838.htm,2022-12-17,0,878
"Samsung Innovation Campus: Giáo dục nguồn nhân lực chủ chốt, làm chủ tương lai 4.0",/samsung-innovation-campus-giao-duc-nguon-nhan-luc-chu-chot-lam-chu-tuong-lai-40-20221216083415616.htm,2022-12-16,1,1182
"Ứng dụng công nghệ sẽ giúp 'chốt đơn' nhà, đất nhanh hơn",/ung-dung-cong-nghe-se-giup-chot-don-nha-dat-nhanh-hon-20221215113225979.htm,2022-12-15,1,1359
Agribank Digital chinh phục khách hàng đam mê công nghệ,/agribank-digital-chinh-phuc-khach-hang-dam-me-cong-nghe-20221214075124254.htm,2022-12-14,1,1050
Đại biểu 'gen Z' dự Đại hội Đoàn XII có thành tích đáng nể,/dai-bieu-gen-z-du-dai-hoi-doan-xii-co-thanh-tich-dang-ne-20221213101746931.htm,2022-12-13,2,1723
OCB ‘trình làng’ hệ sinh thái ngân hàng số có tính ứng dụng cao,/ocb-trinh-lang-he-sinh-thai-ngan-hang-so-co-tinh-ung-dung-cao-20221212075915242.htm,2022-12-12,5,1084
"Mazda6 2024 chưa biến thành 'xe sang cầu sau' như lời đồn, chỉ nâng cấp nhỏ để giữ khách",/mazda6-2024-chua-bien-thanh-xe-sang-cau-sau-nhu-loi-don-chi-nang-cap-nho-de-giu-khach-20221209155126792.htm,2022-10-12,0,688
Tăng cường hợp tác Việt Nam - Tanzania trong lĩnh vực thông tin và truyền thông,/tang-cuong-hop-tac-viet-nam-tanzania-trong-linh-vuc-thong-tin-va-truyen-thong-20221210142456136.htm,2022-10-12,0,890
VieON giành thêm giải thưởng công nghệ danh giá,/vieon-gianh-them-giai-thuong-cong-nghe-danh-gia-20221209080330328.htm,2022-09-12,5,1629
EVNCPC có hai sản phẩm được trao giải thưởng công nghệ số ‘Make in Việt Nam 2022’,/evncpc-co-hai-san-pham-duoc-trao-giai-thuong-cong-nghe-so-make-in-viet-nam-2022-20221208165538909.htm,2022-09-12,13,1399
Xuất khẩu của ngành công nghệ số năm 2022 đạt 136 tỉ USD,/xuat-khau-cua-nganh-cong-nghe-so-nam-2022-dat-136-ti-usd-2022120813052635.htm,2022-08-12,17,1099
Saigon Co.op và VNPay ký kết chiến lược thúc đẩy công nghệ số,/saigon-co-op-va-vnpay-ky-ket-chien-luoc-thuc-day-cong-nghe-so-2022120809464725.htm,2022-08-12,5,1048
VNPAY-POS lọt ‘Top 10 sản phẩm - dịch vụ Tin dùng Việt Nam 2022’,/vnpay-pos-lot-top-10-san-pham-dich-vu-tin-dung-viet-nam-2022-20221207212123532.htm,2022-08-12,0,1363
Phát triển hệ sinh thái y tế số cùng IVIRSE,/phat-trien-he-sinh-thai-y-te-so-cung-ivirse-20221206140536918.htm,2022-06-12,0,1321
Đà Nẵng lần thứ 3 liên tiếp được vinh danh 'thành phố thông minh',/da-nang-lan-thu-3-lien-tiep-duoc-vinh-danh-thanh-pho-thong-minh-2022120209211414.htm,2022-02-12,1,781
Mỹ phê duyệt SpaceX triển khai lên đến 7.500 vệ tinh,/my-phe-duyet-spacex-trien-khai-len-den-7500-ve-tinh-20221202070945068.htm,2022-02-12,0,639
Tây Ninh thúc đẩy chuyển đổi số trong lĩnh vực nông nghiệp,/tay-ninh-thuc-day-chuyen-doi-so-trong-linh-vuc-nong-nghiep-20221123174837759.htm,2022-11-23,0,1545
Khô mắt - chứng bệnh ai cũng có nguy cơ mắc phải,/kho-mat-chung-benh-ai-cung-co-nguy-co-mac-phai-20221122164340493.htm,2022-11-23,1,1245
Công nghệ bắt việt vị bán tự động hoạt động như thế nào?,/cong-nghe-bat-viet-vi-ban-tu-dong-hoat-dong-nhu-the-nao-20221122084544961.htm,2022-11-22,0,1012
7 tính năng cực xịn nên xuất hiện trên mọi ô tô trong tương lai,/7-tinh-nang-cuc-xin-nen-xuat-hien-tren-moi-o-to-trong-tuong-lai-20221121130403719.htm,2022-11-22,0,569
Cận cảnh nhà ga Khu công nghệ cao của tuyến metro số 1 sắp hoàn thành,/can-canh-nha-ga-khu-cong-nghe-cao-cua-tuyen-metro-so-1-sap-hoan-thanh-20221116231305051.htm,2022-11-17,0,979
Đà Nẵng: Chuyển đổi số giúp cuộc sống dân thuận tiện hơn,/da-nang-chuyen-doi-so-giup-cuoc-song-dan-thuan-tien-hon-20221116144652767.htm,2022-11-17,2,1842
Trường đại học số khai giảng khóa đầu tiên,/truong-dai-hoc-so-khai-giang-khoa-dau-tien-20221117112249219.htm,2022-11-17,0,907
EVNHANOI ứng dụng công nghệ và chuyển đổi số để nâng cao chất lượng phục vụ,/evnhanoi-ung-dung-cong-nghe-va-chuyen-doi-so-de-nang-cao-chat-luong-phuc-vu-20221117095906578.htm,2022-11-17,0,1243
Khan hiếm nhân sự công nghệ thông tin thực hiện đề án y tế thông minh,/khan-hiem-nhan-su-cong-nghe-thong-tin-thuc-hien-de-an-y-te-thong-minh-2022111515494578.htm,2022-11-15,0,1653
"Agribank chung tay thúc đẩy tín dụng xanh, ngân hàng xanh",/agribank-chung-tay-thuc-day-tin-dung-xanh-ngan-hang-xanh-20221114165046247.htm,2022-11-14,0,872
Sunshine Group chính thức đồng hành cùng VCCI hỗ trợ chuyển đổi số cho doanh nghiệp vừa và nhỏ,/sunshine-group-chinh-thuc-dong-hanh-cung-vcci-ho-tro-chuyen-doi-so-cho-doanh-nghiep-vua-va-nho-20221111161345812.htm,2022-11-11,1,1164
Lao động trình độ cao đi làm shipper có đáng lo ngại?,/lao-dong-trinh-do-cao-di-lam-shipper-co-dang-lo-ngai-20221110182002878.htm,2022-11-11,0,1448
Thế hệ sinh viên Gen Z tiêu dùng thông minh,/the-he-sinh-vien-gen-z-tieu-dung-thong-minh-20221110154819351.htm,2022-10-11,1,1769
Thủ tướng nêu sáng kiến 'phục hồi toàn diện' cho các doanh nghiệp ASEAN,/thu-tuong-neu-sang-kien-phuc-hoi-toan-dien-cho-cac-doanh-nghiep-asean-20221110151233143.htm,2022-10-11,0,1614
The Verge: Số người dùng Twitter cao kỷ lục sau khi ông Musk tiếp quản,/the-verge-so-nguoi-dung-twitter-cao-ky-luc-sau-khi-ong-musk-tiep-quan-20221108115324065.htm,2022-08-11,0,713
"'Đô' lên, giá iPhone lên theo khá mạnh",/do-len-gia-iphone-len-theo-kha-manh-20221105081127718.htm,2022-05-11,0,792
Tin sáng 4-11: Chuẩn bị thông xe hầm chui trước bến xe Miền Đông mới; đầu tư cao tốc Tân Phú-Bảo Lộc,/tin-sang-4-11-chuan-bi-thong-xe-ham-chui-truoc-ben-xe-mien-dong-moi-dau-tu-cao-toc-tan-phu-bao-loc-20221103192728505.htm,2022-04-11,1,1838
Giao Hàng Tiết Kiệm tự chủ công nghệ để số hóa mọi hoạt động,/giao-hang-tiet-kiem-tu-chu-cong-nghe-de-so-hoa-moi-hoat-dong-20221102214844291.htm,2022-03-11,0,1422
"92% doanh nghiệp có nhu cầu chuyển đổi số, nhưng không biết bắt đầu từ đâu",/92-doanh-nghiep-co-nhu-cau-chuyen-doi-so-nhung-khong-biet-bat-dau-tu-dau-20221102164618692.htm,2022-02-11,0,692
Công nghệ mang đến nhiều tiện lợi cho cuộc sống như thế nào?,/cong-nghe-mang-den-nhieu-tien-loi-cho-cuoc-song-nhu-the-nao-20221101084245746.htm,2022-01-11,0,1052
"Thêm 10 trường đại học, vì sao chất lượng nguồn nhân lực ĐBSCL vẫn thấp?",/them-10-truong-dai-hoc-vi-sao-chat-luong-nguon-nhan-luc-dbscl-van-thap-20221030173526508.htm,2022-10-30,2,1067
Cuộc thi ‘Lan tỏa năng lượng tích cực 2022’: Nông trại 4.0 và mong ước giúp bà con cùng làm giàu,/cuoc-thi-lan-toa-nang-luong-tich-cuc-2022-nong-trai-40-va-mong-uoc-giup-ba-con-cung-lam-giau-20221026132356875.htm,2022-10-26,0,733
"Subaru Forester 2023 giá từ 969 triệu đồng tại Việt Nam: Thiết kế mới, thêm công nghệ an toàn",/subaru-forester-2023-gia-tu-969-trieu-dong-tai-viet-nam-thiet-ke-moi-them-cong-nghe-an-toan-20221025224020297.htm,2022-10-26,0,661
Facebook cam kết hỗ trợ Việt Nam phát triển kinh tế số,/facebook-cam-ket-ho-tro-viet-nam-phat-trien-kinh-te-so-20221025152409576.htm,2022-10-25,0,1089
VieON - 'Động cơ' công nghệ của hệ sinh thái DatVietVAC,/vieon-dong-co-cong-nghe-cua-he-sinh-thai-datvietvac-20221023165559965.htm,2022-10-24,0,1611
"Logistics Việt gia tăng sức cạnh tranh, kéo giảm chi phí",/logistics-viet-gia-tang-suc-canh-tranh-keo-giam-chi-phi-20221019132757579.htm,2022-10-19,0,1136
Hàn Quốc thúc đẩy ứng dụng căn cước điện tử,/han-quoc-thuc-day-ung-dung-can-cuoc-dien-tu-20221018163412583.htm,2022-10-18,0,1010
Nâng tầm dịch vụ ngân hàng số,/nang-tam-dich-vu-ngan-hang-so-20221016084309774.htm,2022-10-16,3,1837
ACB ra mắt trợ lý ảo thông minh - AI BOT thế hệ mới,/acb-ra-mat-tro-ly-ao-thong-minh-ai-bot-the-he-moi-20221014195904824.htm,2022-10-15,0,1329
Tuần lễ đổi mới sáng tạo và chuyển đổi số TP.HCM: Trải nghiệm công nghệ thanh toán của Sacombank,/tuan-le-doi-moi-sang-tao-va-chuyen-doi-so-tphcm-trai-nghiem-cong-nghe-thanh-toan-cua-sacombank-20221015084519836.htm,2022-10-15,0,1022
Cam kết cung cấp dịch vụ điện toán đám mây cho mỗi người dân,/cam-ket-cung-cap-dich-vu-dien-toan-dam-may-cho-moi-nguoi-dan-20221014172651292.htm,2022-10-14,0,883
‘Chuyển đổi số mà không có dữ liệu như xe không có xăng’,/chuyen-doi-so-ma-khong-co-du-lieu-nhu-xe-khong-co-xang-20221014120309677.htm,2022-10-14,0,1315
Khơi thông nguồn dữ liệu phát triển công nghệ,/khoi-thong-nguon-du-lieu-phat-trien-cong-nghe-20221014084339775.htm,2022-10-14,0,1377
Các tập đoàn công nghệ Trung Quốc đầu tư lớn vào ngành công nghiệp thần tượng ảo,/cac-tap-doan-cong-nghe-trung-quoc-dau-tu-lon-vao-nganh-cong-nghiep-than-tuong-ao-20221012170704758.htm,2022-12-10,0,1182
"90% giao dịch ngân hàng thực hiện qua kênh số, làm sao để an toàn?",/90-giao-dich-ngan-hang-thuc-hien-qua-kenh-so-lam-sao-de-an-toan-2022101116504604.htm,2022-11-10,1,972
Giải thưởng Chuyển đổi số Việt Nam 2022 vinh danh TNG Holdings Vietnam,/giai-thuong-chuyen-doi-so-viet-nam-2022-vinh-danh-tng-holdings-vietnam-2022101011253527.htm,2022-10-10,0,1297
Việt Nam đăng cai Tuần lễ số quốc tế 2022,/viet-nam-dang-cai-tuan-le-so-quoc-te-2022-20221010105112941.htm,2022-10-10,4,959
Meey Land và giải pháp tối ưu chuyển đổi số cho doanh nghiệp bất động sản,/meey-land-va-giai-phap-toi-uu-chuyen-doi-so-cho-doanh-nghiep-bat-dong-san-20221008180608449.htm,2022-08-10,2,1154
Có sẵn tiền trong túi nhưng vẫn ít nhà sản xuất gỗ Việt 'dám' đầu tư công nghệ,/co-san-tien-trong-tui-nhung-van-it-nha-san-xuat-go-viet-dam-dau-tu-cong-nghe-20221005144432765.htm,2022-05-10,0,1052
Có thể dự báo chính xác 75% về vùng mưa tại TP.HCM,/ung-dung-ai-du-bao-ngap-som-cho-tphcm-20221005065805066.htm,2022-05-10,0,1412
"Trung Quốc còn đóng cửa, Ấn Độ tung tiền kéo nhà máy về mình",/trung-quoc-con-dong-cua-an-do-tung-tien-keo-nha-may-ve-minh-20221003110843305.htm,2022-03-10,0,1000
Google Dịch chính thức rút lui khỏi thị trường Trung Quốc,/google-dich-chinh-thuc-rut-lui-khoi-thi-truong-trung-quoc-20221003095404892.htm,2022-03-10,0,1033
Công nghệ số cho dịch vụ ngành điện Hà Nội thuận tiện hơn,/cong-nghe-so-cho-dich-vu-nganh-dien-ha-noi-thuan-tien-hon-20220929224024004.htm,2022-09-30,3,1211
Bộ Thông tin và Truyền thông: Tháng 10 là 'tháng tiêu dùng số',/bo-thong-tin-va-truyen-thong-thang-10-la-thang-tieu-dung-so-20220929182139527.htm,2022-09-29,2,854
AI - giúp việc hiệu quả của ngành y tế,/ai-giup-viec-hieu-qua-cua-nganh-y-te-20220929083639895.htm,2022-09-29,0,1455
"Công nghệ số, stress, lười vận động làm gia tăng người trẻ bị suy giảm nhận thức",/cong-nghe-so-stress-luoi-van-dong-lam-gia-tang-nguoi-tre-bi-suy-giam-nhan-thuc-20220928092454503.htm,2022-09-28,3,1583
Bingo18 - xổ số thời 4.0 của Vietlott,/bingo18-xo-so-thoi-40-cua-vietlott-20220927082411478.htm,2022-09-27,0,1110
Ba Huân bắt tay FPT chuyển đổi số,/ba-huan-bat-tay-fpt-chuyen-doi-so-20220924104909464.htm,2022-09-24,0,1112
Doanh nghiệp biết chuyển đổi số là cần nhưng vẫn thấy khó,/doanh-nghiep-biet-chuyen-doi-so-la-can-nhung-van-thay-kho-20220920162932935.htm,2022-09-20,0,1072
Giao thông Tân Sơn Nhất vẫn rối,/giao-thong-tan-son-nhat-van-roi-20220916080939549.htm,2022-09-16,0,2008
Không xét thi đua cán bộ có điểm thi đánh giá năng lực ứng dụng công nghệ thông tin dưới trung bình,/khong-xet-thi-dua-can-bo-co-diem-thi-danh-gia-nang-luc-ung-dung-cong-nghe-thong-tin-duoi-trung-binh-20220915100052485.htm,2022-09-15,0,959
Infographic hướng dẫn xử lý khi bị nhắn tin gọi điện 'khủng bố' đòi nợ dù không vay tiền,/infographic-huong-dan-xu-ly-khi-bi-nhan-tin-goi-dien-khung-bo-doi-no-du-khong-vay-tien-20220909121504012.htm,2022-09-09,0,236
Những công nghệ nổi bật của Ngân hàng số MyVIB 2.0,/nhung-cong-nghe-noi-bat-cua-ngan-hang-so-myvib-20-2022090516334062.htm,2022-06-09,0,1155
Khó tin: Chính quyền Nhật còn xài đĩa mềm lưu trữ,/kho-tin-chinh-quyen-nhat-con-xai-dia-mem-luu-tru-20220905140535811.htm,2022-05-09,0,974
Thâm Quyến gia hạn biện pháp chống dịch COVID-19 đến cuối tuần,/tham-quyen-gia-han-bien-phap-chong-dich-covid-19-den-cuoi-tuan-20220902152706169.htm,2022-02-09,0,727
Chiêm ngưỡng hai ứng dụng trong xây dựng vừa được vinh danh của Portcoast,/chiem-nguong-hai-ung-dung-trong-xay-dung-vua-duoc-vinh-danh-cua-portcoast-20220901174131112.htm,2022-01-09,0,451
PC Quảng Nam đưa các dịch vụ điện đến với cộng đồng,/pc-quang-nam-dua-cac-dich-vu-dien-den-voi-cong-dong-20220825153042942.htm,2022-08-25,2,671
‘Cận cảnh’ quầy giao dịch số phục vụ khách hàng của Điện lực miền Trung,/can-canh-quay-giao-dich-so-phuc-vu-khach-hang-cua-dien-luc-mien-trung-20220824110128627.htm,2022-08-24,0,1645
Bứt tốc chuyển đổi số với giải pháp quản lý và khai thác dữ liệu toàn diện,/but-toc-chuyen-doi-so-voi-giai-phap-quan-ly-va-khai-thac-du-lieu-toan-dien-20220823111426957.htm,2022-08-23,3,1184
"Chuyển đổi số: nghe nói rất nhiều, nhưng doanh nghiệp chưa biết bắt đầu từ đâu",/chuyen-doi-so-nghe-noi-rat-nhieu-nhung-doanh-nghiep-chua-biet-bat-dau-tu-dau-20220823123756791.htm,2022-08-23,0,1238
Dự án căn hộ tiên phong kết hợp bệnh viện chăm sóc sức khỏe cho người già,/du-an-can-ho-tien-phong-ket-hop-benh-vien-cham-soc-suc-khoe-cho-nguoi-gia-20220823073759357.htm,2022-08-23,2,1555
Chương trình đào tạo phù hợp xu thế chuyển đổi số ngành Tài chính - Kinh tế,/chuong-trinh-dao-tao-phu-hop-xu-the-chuyen-doi-so-nganh-tai-chinh-kinh-te-20220821231922254.htm,2022-08-22,2,1485
Thi tìm kiếm ý tưởng ứng dụng chuyển đổi số trong lĩnh vực giáo dục,/thi-tim-kiem-y-tuong-ung-dung-chuyen-doi-so-trong-linh-vuc-giao-duc-20220820152444886.htm,2022-08-20,0,888
Ngân hàng chuyển đổi số bứt tốc cùng doanh nghiệp SMEs,/ngan-hang-chuyen-doi-so-but-toc-cung-doanh-nghiep-smes-20220819085321028.htm,2022-08-19,2,1052
"Sau 30 năm, Viettel đã trở thành tập đoàn kinh tế nhà nước hàng đầu Việt Nam",/sau-30-nam-viettel-da-tro-thanh-tap-doan-kinh-te-nha-nuoc-hang-dau-vn-20220817150930676.htm,2022-08-17,0,1535
Gần 2.000 bạn trẻ tìm hiểu về 'tổ công nghệ số cộng đồng',/gan-2-000-ban-tre-tim-hieu-ve-to-cong-nghe-so-cong-dong-20220812105207255.htm,2022-12-08,9,757
"Chuyển đổi số, tăng sức cạnh tranh cho doanh nghiệp du lịch",/chuyen-doi-so-tang-suc-canh-tranh-cho-doanh-nghiep-du-lich-20220811122705128.htm,2022-11-08,0,1417
"Xăng đã giảm giá, giá cước vận tải vẫn cao là không sòng phẳng",/xang-da-giam-gia-gia-cuoc-van-tai-van-cao-la-khong-song-phang-20220810231147103.htm,2022-11-08,0,998
Chùm ảnh thực tế đầu tiên của Toyota Vios đời mới: Nội thất đen bớt sang hơn bản quảng cáo,/chum-anh-thuc-te-dau-tien-cua-toyota-vios-doi-moi-noi-that-den-bot-sang-hon-ban-quang-c-20220810141234563.htm,2022-11-08,0,510
Thanh niên không thể đứng ngoài quá trình chuyển đổi số,/thanh-nien-khong-the-dung-ngoai-qua-trinh-chuyen-doi-so-20220810124052251.htm,2022-10-08,0,1175
MB vào Top 4 ngân hàng thương mại uy tín Việt Nam 2022,/mb-vao-top-4-ngan-hang-thuong-mai-uy-tin-viet-nam-2022-20220804183955243.htm,2022-05-08,0,851
Hấp dẫn triển lãm Blockchain Global Day 2022,/hap-dan-trien-lam-blockchain-global-day-2022-20220729163121102.htm,2022-07-29,0,955
Sacombank tăng cường sức mạnh nội lực trong thời đại số,/sacombank-tang-cuong-suc-manh-noi-luc-trong-thoi-dai-so-20220728184051779.htm,2022-07-29,0,1411
Bộ Thông tin và truyền thông thành lập 3 đơn vị chuyên về chuyển đổi số,/bo-thong-tin-va-truyen-thong-thanh-lap-3-don-vi-chuyen-ve-chuyen-doi-so-20220727170013707.htm,2022-07-27,0,744
Hệ thống bán lẻ đang thay đổi,/he-thong-ban-le-dang-thay-doi-20220726084831616.htm,2022-07-26,1,3825
"Malaysia thử nghiệm 5G, hỗ trợ cho người kinh doanh",/malaysia-thu-nghiem-5g-ho-tro-cho-nguoi-kinh-doanh-20220723211116114.htm,2022-07-23,0,725
"7 bán tải bị đánh giá yếu/kém trong bài kiểm tra dây an toàn, có Ford Ranger",/7-ban-tai-bi-danh-gia-yeu-kem-trong-bai-kiem-tra-day-an-toan-co-ford-ranger-2022072210205299.htm,2022-07-23,0,998
CyStack hợp tác VinCSS phát triển phần mềm quản lý mật khẩu,/cystack-hop-tac-vincss-phat-trien-phan-mem-quan-ly-mat-khau-20220721172546409.htm,2022-07-21,0,1117
"Giao dịch tiền mặt đã giảm mạnh, vì sao?",/giao-dich-tien-mat-da-giam-manh-vi-sao-20220720170653833.htm,2022-07-20,3,1804
"67.300 doanh nghiệp công nghệ số, doanh thu ngành thông tin truyền thông đạt hơn 1,8 triệu tỉ đồng",/67-300-doanh-nghiep-cong-nghe-so-doanh-thu-nganh-thong-tin-truyen-thong-dat-hon-1-8-trieu-ti-dong-20220719152850883.htm,2022-07-19,2,759
SBT nhận giải thưởng Top Doanh nghiệp 4.0 Việt Nam 2022,/sbt-nhan-giai-thuong-top-doanh-nghiep-4-0-viet-nam-2022-20220719101233433.htm,2022-07-19,4,1161
Công an Phú Yên điều tra các gói thầu mua sắm liên quan đến Việt Á,/cong-an-phu-yen-dieu-tra-cac-goi-thau-mua-sam-lien-quan-den-viet-a-20220718133759642.htm,2022-07-18,0,1031
VitaDairy đạt giải thưởng Top Công nghiệp 4.0 Việt Nam,/vitadairy-dat-giai-thuong-top-cong-nghiep-40-viet-nam-202207181110518.htm,2022-07-18,1,1248
"Chuyển đổi số nhưng chương trình cứng nhắc, giáo viên sẽ mất khả năng sáng tạo",/chuyen-doi-so-nhung-chuong-trinh-cung-nhac-giao-vien-se-mat-kha-nang-sang-tao-2022071412422737.htm,2022-07-14,0,1384
Manulife Việt Nam ra mắt nền tảng học tập mới phục vụ 60.000 tư vấn viên tài chính,/manulife-viet-nam-ra-mat-nen-tang-hoc-tap-moi-phuc-vu-60000-tu-van-vien-tai-chinh-20220712074937878.htm,2022-12-07,1,869
'Hồ sơ Uber' khổng lồ chấn động: Bí mật sau cuộc mở rộng của Uber trên toàn cầu,/ho-so-uber-khong-lo-chan-dong-bi-mat-sau-cuoc-mo-rong-cua-uber-tren-toan-cau-20220711071250833.htm,2022-11-07,0,978
Ghế ngồi xịn nhất thế giới trên xe Bentley độc đáo như thế nào?,/ghe-ngoi-xin-nhat-the-gioi-tren-xe-bentley-doc-dao-nhu-the-nao-2022070714324047.htm,2022-07-07,0,592
CEO SIHUB 'giải oan' tiếng xấu của blockchain,/ceo-sihub-giai-oan-tieng-xau-cua-blockchain-20220707150138145.htm,2022-07-07,0,1016
'Nhiệm vụ mới' mùa thi tốt nghiệp THPT 2022: Giữ đồ cho thí sinh,/nhiem-vu-moi-mua-thi-tot-nghiep-thpt-2022-giu-do-cho-thi-sinh-20220707085229481.htm,2022-07-07,0,1042
Chuyển đổi số của Việt Nam gặp trở ngại vì thủ tục hành chính không theo kịp,/chuyen-doi-so-cua-viet-nam-gap-tro-ngai-vi-thu-tuc-hanh-chinh-khong-theo-kip-20220706180604549.htm,2022-06-07,1,1146
Tài xế taxi công nghệ kiếm được nhiều tiền hơn khi chuyển sang dùng xe điện,/tai-xe-taxi-cong-nghe-kiem-duoc-nhieu-tien-hon-khi-chuyen-sang-dung-xe-dien-20220705154203479.htm,2022-06-07,0,1018
TopenLand hợp tác với các tập đoàn công nghệ hàng đầu,/topenland-hop-tac-voi-cac-tap-doan-cong-nghe-hang-dau-20220630113451764.htm,2022-01-07,0,956
"Mỹ: Bùng nổ hẹn hò lãng mạn trên mạng rồi 'bùng', thiệt hại 770 triệu USD",/my-bung-no-hen-ho-lang-man-tren-mang-roi-bung-thiet-hai-770-trieu-usd-2022063011552262.htm,2022-06-30,0,1083
SUV bán tại Việt Nam Volkswagen Touareg sẽ thay đổi ra sao khi nâng cấp cuối năm nay?,/suv-ban-tai-viet-nam-volkswagen-touareg-se-thay-doi-ra-sao-khi-nang-cap-cuoi-nam-nay-20220628105221461.htm,2022-06-29,0,754
Tuổi trẻ Hải Phòng ra quân 218 tổ 'công nghệ số cộng đồng' phục vụ người dân,/tuoi-tre-hai-phong-ra-quan-218-to-cong-nghe-so-cong-dong-phuc-vu-nguoi-dan-20220626155005755.htm,2022-06-26,6,1045
"Doanh nghiệp Việt - Úc tìm kiếm hợp tác năng lượng sạch, nông nghiệp công nghệ cao",/doanh-nghiep-viet-uc-tim-kiem-hop-tac-nang-luong-sach-nong-nghiep-cong-nghe-cao-20220616110626353.htm,2022-06-16,0,1171
Xăng tăng cao gây rối loạn trong dịch vụ xe công nghệ,/xang-tang-cao-gay-roi-loan-trong-dich-vu-xe-cong-nghe-2022061522505075.htm,2022-06-16,0,2273
"Phục vụ 10 triệu khách hàng, Sacombank tuyển dụng thêm nhân sự",/phuc-vu-10-trieu-khach-hang-sacombank-tuyen-dung-them-nhan-su-20220615080927297.htm,2022-06-15,0,910
"Việt Nam - Lào tăng cường hợp tác về bưu chính, viễn thông, tần số vô tuyến điện",/viet-nam-lao-tang-cuong-hop-tac-ve-buu-chinh-vien-thong-tan-so-vo-tuyen-dien-2022061109151742.htm,2022-11-06,2,714
Người dân tỉnh Long An có thể tìm việc trực tuyến qua ứng dụng Long An ID,/nguoi-dan-tinh-long-an-co-the-tim-viec-truc-tuyen-qua-ung-dung-long-an-id-20220608172352631.htm,2022-08-06,0,1120
'Gen Z' Viettel phát triển ứng dụng nhận biết cảm xúc của khách hàng qua giọng nói,/gen-z-viettel-phat-trien-ung-dung-nhan-biet-cam-xuc-cua-khach-hang-qua-giong-noi-20220607140134911.htm,2022-07-06,0,1572
Techcombank tiếp tục được vinh danh 8 giải thưởng về thanh toán thẻ,/techcombank-tiep-tuc-duoc-vinh-danh-8-giai-thuong-ve-thanh-toan-the-20220603062612315.htm,2022-03-06,0,1102
Chuẩn bị 400 nhân viên vận hành metro số 1 Bến Thành - Suối Tiên,/chuan-bi-400-nhan-vien-van-hanh-metro-1-ben-thanh-suoi-tien-20220531173236627.htm,2022-05-31,0,840
"Cùng tham gia khởi tạo gương mặt số, xây dựng trang web cá nhân",/cung-tham-gia-khoi-tao-guong-mat-so-xay-dung-trang-web-ca-nhan-20220530173033821.htm,2022-05-30,0,854
Giải bài toán bảo mật cho doanh nghiệp chuyển đổi số,/giai-bai-toan-bao-mat-cho-doanh-nghiep-chuyen-doi-so-202205301045233.htm,2022-05-30,0,1243
FPT trình diễn hệ sinh thái chuyển đổi số đột phá,/fpt-trinh-dien-he-sinh-thai-chuyen-doi-so-dot-pha-20220525173915065.htm,2022-05-25,0,1611
Chủ xe Honda Civic dùng xích trói bánh vào cửa xe đề phòng trộm cắp,/chu-xe-honda-civic-dung-xich-troi-banh-vao-cua-xe-de-phong-trom-cap-20220525102821436.htm,2022-05-25,0,687
Ứng dụng công nghệ giúp khách hàng gần hơn với cấp nước,/ung-dung-cong-nghe-giup-khach-hang-gan-hon-voi-cap-nuoc-20220524112035914.htm,2022-05-24,0,1262
Cuộc đua cameraphone: Theo ‘chấm’ hay theo công nghệ mới?,/cuoc-dua-cameraphone-theo-cham-hay-theo-cong-nghe-moi-20220521084046602.htm,2022-05-21,0,1160
"Đến năm 2025, TP.HCM đầu tư cho khoa học công nghệ đạt trên 2% tổng chi ngân sách",/den-nam-2025-tp-hcm-dau-tu-cho-khoa-hoc-cong-nghe-dat-tren-2-tong-chi-ngan-sach-20220520162323602.htm,2022-05-20,0,1133
Be Group phối hợp ngân hàng số Cake hỗ trợ tài xế vay tiêu dùng,/be-group-phoi-hop-ngan-hang-so-cake-ho-tro-tai-xe-vay-tieu-dung-20220519174046498.htm,2022-05-19,0,1298
Lạc Dương quyết tâm thực hiện chuyển đổi số - xây dựng đô thị thông minh,/lac-duong-quyet-tam-thuc-hien-chuyen-doi-so-xay-dung-do-thi-thong-minh-20220519113239924.htm,2022-05-19,0,486
Những tên tuổi nào sẽ có mặt tại Hội nghị thượng đỉnh Blockchain Việt Nam 2022?,/nhung-ten-tuoi-nao-se-co-mat-tai-hoi-nghi-thuong-dinh-blockchain-viet-nam-2022-20220518161304236.htm,2022-05-18,0,975
Giám đốc Sở Khoa học - công nghệ TP.HCM: Chuyển đổi số trước hết phải từ tư duy,/giam-doc-so-khoa-hoc-cong-nghe-tp-hcm-chuyen-doi-so-truoc-het-phai-tu-tu-duy-20220518131037115.htm,2022-05-18,0,848
Innity được trao chứng nhận về an toàn thương hiệu và chống gian lận quảng cáo,/innity-duoc-trao-chung-nhan-ve-an-toan-thuong-hieu-va-chong-gian-lan-quang-cao-20220517091357786.htm,2022-05-18,0,810
"Xăng tăng mà cước chưa tăng, shipper chọn... tắt app",/xang-tang-ma-cuoc-chua-tang-shipper-chon-tat-app-20220513095205313.htm,2022-05-13,0,777
VNPT hợp tác với công ty hàng đầu của Mỹ phát triển 5G,/vnpt-hop-tac-voi-cong-ty-hang-dau-cua-my-phat-trien-5g-20220512181127694.htm,2022-12-05,0,1124
Năm 2025 Đà Nẵng hướng tới 50% dân số mua sắm trực tuyến,/nam-2025-da-nang-huong-toi-50-dan-so-mua-sam-truc-tuyen-20220510142306557.htm,2022-10-05,3,1169
Big Tech mất hơn 1.000 tỉ USD trong 3 phiên giao dịch sau khi Mỹ tăng lãi suất,/big-tech-mat-hon-1-000-ti-usd-trong-3-phien-giao-dich-sau-khi-my-tang-lai-suat-20220510094433567.htm,2022-10-05,0,690
Loạt ôtô an toàn nhất tại Mỹ: Nhiều mẫu bán chạy ở Việt Nam,/loat-oto-an-toan-nhat-tai-my-nhieu-mau-ban-chay-o-viet-nam-20220509160013994.htm,2022-10-05,0,1739
Thang máy KONE DX - nâng tầm trải nghiệm nhờ tích hợp công nghệ tân tiến,/thang-may-kone-dx-nang-tam-trai-nghiem-nho-tich-hop-cong-nghe-tan-tien-20220509110211773.htm,2022-09-05,0,1186
Ứng dụng công nghệ quản lý hút thuốc nơi công cộng,/ung-dung-cong-nghe-quan-ly-hut-thuoc-noi-cong-cong-20220506140204297.htm,2022-06-05,1,962
Trung Quốc thử nghiệm vắc xin chống biến thể Omicron,/trung-quoc-thu-nghiem-vac-xin-chong-bien-the-omicron-20220501192737674.htm,2022-01-05,0,960
"Google sẽ xóa các kết quả tìm kiếm có địa chỉ nhà, số điện thoại, email",/google-se-xoa-cac-ket-qua-tim-kiem-co-dia-chi-nha-so-dien-thoai-email-2022042812383879.htm,2022-04-28,0,749
"Đề nghị tổ chức lại Tổng cục Dân số, sáp nhập nhiều vụ, cục thuộc Bộ Y tế",/de-nghi-to-chuc-lai-tong-cuc-dan-so-sap-nhap-nhieu-vu-cuc-thuoc-bo-y-te-20220427082003372.htm,2022-04-27,0,928
Học tài chính - ngân hàng: Thích ứng nhanh với kỷ nguyên ngân hàng số,/hoc-tai-chinh-ngan-hang-thich-ung-nhanh-voi-ky-nguyen-ngan-hang-so-20220425182401362.htm,2022-04-26,2,1149
"Với công nghệ di động, đến máy bơm nước cũng... thông minh",/voi-cong-nghe-di-dong-den-may-bom-nuoc-cung-thong-minh-20220423161849273.htm,2022-04-24,1,1743
Công nghệ số đã giúp khách hàng hoàn tất thủ tục vay mua ô tô trong... 5 phút,/cong-nghe-so-da-giup-khach-hang-hoan-tat-thu-tuc-vay-mua-o-to-trong-5-phut-20220421185857859.htm,2022-04-21,1,1193
Giải pháp lưu trữ tài liệu toàn diện được ALS và FSI ra mắt,/giai-phap-luu-tru-tai-lieu-toan-dien-duoc-als-va-fsi-ra-mat-20220421134341102.htm,2022-04-21,1,564
Ngày hội sách và ngày hội văn hoá đọc lần 1 năm 2022,/ngay-hoi-sach-va-ngay-hoi-van-hoa-doc-lan-1-nam-2022-2022042111342189.htm,2022-04-21,0,796
Doanh nghiệp sống sót tốt hơn nhờ chuyển đổi số,/doanh-nghiep-song-sot-tot-hon-nho-chuyen-doi-so-20220421155325174.htm,2022-04-21,3,609
Đồng Tháp khai trương Trung tâm chuyển đổi số,/dong-thap-khai-truong-trung-tam-chuyen-doi-so-20220418120425697.htm,2022-04-18,0,838
Chuyển đổi số sẽ ‘mở khóa’ tiềm năng kinh tế cho TP.HCM,/chuyen-doi-so-se-mo-khoa-tiem-nang-kinh-te-cho-tphcm-20220416165407492.htm,2022-04-16,0,1512
Doanh nghiệp Việt dẫn dắt chuyển đổi số quốc gia,/doanh-nghiep-viet-dan-dat-chuyen-doi-so-quoc-gia-20220415192053891.htm,2022-04-15,0,1730
Bí thư Nguyễn Văn Nên: 'Kiến tạo mô hình phát triển kinh tế TP.HCM lâu dài',/bi-thu-nguyen-van-nen-kien-tao-mo-hinh-phat-trien-kinh-te-tp-hcm-lau-dai-20220415084958256.htm,2022-04-15,3,1771
Tập đoàn Điện lực Việt Nam tổ chức Hội nghị Tự động hóa trong chuyển đổi số,/tap-doan-dien-luc-viet-nam-to-chuc-hoi-nghi-tu-dong-hoa-trong-chuyen-doi-so-20220412154745464.htm,2022-12-04,0,487
HDBank đẩy mạnh công nghệ số và nông nghiệp công nghệ cao tại Tây Nam Bộ,/hdbank-day-manh-cong-nghe-so-va-nong-nghiep-cong-nghe-cao-tai-tay-nam-bo-20220407150421617.htm,2022-07-04,3,1154
Nhiều đổi mới trong tuyển sinh lớp 10 tại TP.HCM,/nhieu-doi-moi-trong-tuyen-sinh-lop-10-tai-tp-hcm-20220407110339938.htm,2022-07-04,0,868
Tổng công ty Khánh Việt đạt giải thưởng TOP 100 Sao Vàng Đất Việt 2021,/tong-cong-ty-khanh-viet-dat-giai-thuong-top-100-sao-vang-dat-viet-2021-2022040408191221.htm,2022-04-04,2,804
"Triệt xóa nhóm đăng tin sai sự thật trên mạng để lừa đảo, chiếm đoạt hơn 3 tỉ đồng",/triet-xoa-nhom-dang-tin-sai-su-that-tren-mang-de-lua-dao-chiem-doat-hon-3-ti-dong-2022033006124858.htm,2022-03-30,0,912
"Giúp 'Gen Z' loại bỏ thông tin xấu, độc như thế nào trên không gian mạng?",/giup-gen-z-loai-bo-thong-tin-xau-doc-nhu-the-nao-tren-khong-gian-mang-20220329181324062.htm,2022-03-29,0,1127
Bảo hiểm Bảo Long - tăng tốc trong cuộc đua số hóa,/bao-hiem-bao-long-tang-toc-trong-cuoc-dua-so-hoa-20220329140522211.htm,2022-03-29,2,659
Hỗ trợ 30.000 doanh nghiệp vừa và nhỏ chuyển đổi số,/ho-tro-30000-doanh-nghiep-vua-va-nho-chuyen-doi-so-2022032417154819.htm,2022-03-24,5,982
Những xu hướng công nghệ tương lai 'chào đời' vào năm 2021,/nhung-xu-huong-cong-nghe-tuong-lai-chao-doi-vao-nam-2021-20220323013902488.htm,2022-03-23,0,1816
LG và những điểm nhấn công nghệ giúp định hình phong cách sống năm 2022,/lg-va-nhung-diem-nhan-cong-nghe-giup-dinh-hinh-phong-cach-song-nam-2022-20220322191505796.htm,2022-03-23,0,1322
Khi Trung Quốc phải 'bấm nút dừng',/khi-trung-quoc-phai-bam-nut-dung-20220316101733671.htm,2022-03-16,0,1417
"Chênh hơn 100 triệu đồng, nên mua bản nào của Hyundai Creta 2022?",/chenh-hon-100-trieu-dong-nen-mua-ban-nao-cua-hyundai-creta-2022-20220315153256844.htm,2022-03-16,0,1064
Fintech VNPAY bắt tay Visa hỗ trợ ngân hàng chuyển đổi số,/fintech-vnpay-bat-tay-visa-ho-tro-ngan-hang-chuyen-doi-so-2022030918061936.htm,2022-09-03,0,1368
FPT Retail kỷ niệm 10 năm đồng hành cùng người dùng Việt Nam,/fpt-retail-ky-niem-10-nam-dong-hanh-cung-nguoi-dung-viet-nam-20220307160806645.htm,2022-07-03,0,982
"Y tế số giảm rủi ro lây nhiễm, tăng tiện ích chăm sóc sức khỏe người dân",/y-te-so-giam-rui-ro-lay-nhiem-tang-tien-ich-cham-soc-suc-khoe-nguoi-dan-20220304141221266.htm,2022-04-03,1,1277
Lần đầu tiên xuất hiện ATM dành cho NFT,/lan-dau-tien-xuat-hien-atm-danh-cho-nft-20220303173625194.htm,2022-03-03,0,824
Học sinh tranh tài tại 'trường thi ảo' lớn nhất 2022,/hoc-sinh-tranh-tai-tai-truong-thi-ao-lon-nhat-2022-20220303104759329.htm,2022-03-03,2,888
"HDBank, Thought Machine ký thỏa thuận tăng cường phát triển số hóa cho lĩnh vực tài chính, ngân hàng",/hdbank-thought-machine-ky-thoa-thuan-tang-cuong-phat-trien-so-hoa-cho-linh-vuc-tai-chinh-ngan-hang-20220226113351253.htm,2022-02-26,0,1045
Vì sao Công ty metro số 1 TP.HCM thiếu tiền để hoạt động?,/vi-sao-cong-ty-metro-so-1-tp-hcm-thieu-tien-de-hoat-dong-20220225110801294.htm,2022-02-25,0,1127
TP.HCM sẽ hình thành các trung tâm giúp doanh nghiệp cải tiến công nghệ,/tphcm-se-hinh-thanh-cac-trung-tam-giup-doanh-nghiep-cai-tien-cong-nghe-20220224182143338.htm,2022-02-24,0,703
Sự bứt phá của doanh nghiệp an ninh mạng Việt Nam và bài học chiến lược từ Viettel,/su-but-pha-cua-doanh-nghiep-an-ninh-mang-viet-nam-va-bai-hoc-chien-luoc-tu-viettel-20220219182140858.htm,2022-02-19,0,1711
Hải Phòng: Thay đổi nhận thức để chuyển đổi số thành công,/hai-phong-thay-doi-nhan-thuc-de-chuyen-doi-so-thanh-cong-2022021209512583.htm,2022-12-02,0,1050
"Xin số tài khoản thầy cô để 'tặng quà Tết', nên không?",/xin-so-tai-khoan-thay-co-de-tang-qua-tet-nen-khong-2022012708543455.htm,2022-03-02,0,1244
"Cước xe công nghệ 2 và 4 bánh bất ngờ tăng vọt, có lúc không kêu được",/cuoc-xe-cong-nghe-2-va-4-banh-bat-ngo-tang-vot-co-luc-khong-keu-duoc-2022012708140615.htm,2022-01-27,0,979
"Chọn lời hay, lẽ phải trên mạng xã hội",/chon-loi-hay-le-phai-tren-mang-xa-hoi-20220119213123435.htm,2022-01-20,1,1562
Nghiên cứu 65.000 phụ nữ: Vắc xin công nghệ mRNA an toàn với thai kỳ,/nghien-cuu-65-000-phu-nu-vac-xin-cong-nghe-mrna-an-toan-voi-thai-ky-20220118225106775.htm,2022-01-18,0,835
Israel xuất hiện hàng nghìn triệu phú mới nhờ công nghệ,/israel-xuat-hien-hang-nghin-trieu-phu-moi-nho-cong-nghe-20220117145425042.htm,2022-01-17,0,1125
M&A lĩnh vực công nghệ số là mảng đầu tư đầy hứa hẹn,/ma-linh-vuc-cong-nghe-so-la-mang-dau-tu-day-hua-hen-20220114081449994.htm,2022-01-14,10,1352
Bộ Nông nghiệp và phát triển nông thôn kiểm tra chợ đầu mối Bình Điền lúc rạng sáng,/bo-nong-nghiep-va-phat-trien-nong-thon-kiem-tra-cho-dau-moi-binh-dien-luc-rang-sang-2022011309410432.htm,2022-01-13,0,1073
realme vừa ra mắt sản phẩm đầu tiên năm 2022,/realme-vua-ra-mat-san-pham-dau-tien-nam-2022-20220112102259164.htm,2022-12-01,0,1165
VNPT góp phần chống COVID-19 bằng công nghệ,/vnpt-gop-phan-chong-covid-19-bang-cong-nghe-20220111111409948.htm,2022-11-01,2,1032
"EVNGENCO3 nhận giải thưởng: Sản phẩm, giải pháp công nghệ số tiêu biểu năm 2021",/evngenco3-nhan-giai-thuong-san-pham-giai-phap-cong-nghe-so-tieu-bieu-nam-2021-20220110164527547.htm,2022-10-01,1,987
Tài xế xe công nghệ tại Hà Nội trúng Jackpot Vietlott hơn 214 tỉ đồng,/tai-xe-xe-cong-nghe-tai-ha-noi-trung-jackpot-vietlott-hon-214-ti-dong-20220107230331772.htm,2022-07-01,0,1019
Đua mở chuỗi bán lẻ công nghệ,/dua-mo-chuoi-ban-le-cong-nghe-20220102075215705.htm,2022-02-01,0,1448
"Triệt phá đường dây cá độ bóng đá tiền tỉ, bắt giữ 13 con bạc",/triet-pha-duong-day-ca-do-bong-da-tien-ti-bat-giu-13-con-bac-20211229132644007.htm,2021-12-29,0,682
FPT đồng hành với Đà Nẵng xây dựng thành phố thông minh,/fpt-dong-hanh-voi-da-nang-xay-dung-thanh-pho-thong-minh-20211228221903774.htm,2021-12-28,0,958
Chủ động thay đổi giúp Trường ĐH Nguyễn Tất Thành vượt qua đại dịch,/chu-dong-thay-doi-giup-truong-dh-nguyen-tat-thanh-vuot-qua-dai-dich-20211228163506961.htm,2021-12-28,4,1196
Nhật Bản ứng dụng công nghệ kỹ thuật số để 'hồi sinh' du lịch,/nhat-ban-ung-dung-cong-nghe-ky-thuat-so-de-hoi-sinh-du-lich-20211228133904727.htm,2021-12-28,0,822
"Mua kit xét nghiệm bị 'thổi giá' của Công ty Việt Á, đòi lại tiền được không?",/mua-kit-xet-nghiem-bi-thoi-gia-cua-cong-ty-viet-a-doi-lai-tien-duoc-khong-20211226173302457.htm,2021-12-26,0,1257
"Năm 2021, VNPT hoàn thành 'mục tiêu kép' với nhiều dấu ấn",/nam-2021-vnpt-hoan-thanh-muc-tieu-kep-voi-nhieu-dau-an-20211224192121649.htm,2021-12-24,2,1616
Sống ở chung cư có công nghệ 4.0 càng tốt hơn,/song-o-chung-cu-co-cong-nghe-4-0-cang-tot-hon-20211224084755845.htm,2021-12-24,0,1374
Shopee tiếp tục vào danh sách ‘100 nơi làm việc tốt nhất Việt Nam 2021’,/shopee-tiep-tuc-vao-danh-sach-100-noi-lam-viec-tot-nhat-viet-nam-2021-20211223151424275.htm,2021-12-23,0,809
Hai bệnh viện ở TP.HCM mua kit xét nghiệm của Việt Á tổng cộng hơn 32 tỉ đồng,/hai-benh-vien-o-tp-hcm-mua-kit-xet-nghiem-cua-viet-a-tong-cong-hon-32-ti-dong-20211223111613066.htm,2021-12-23,0,826
Chuyển đổi số báo chí là quá trình không thể đảo ngược,/chuyen-doi-so-bao-chi-la-qua-trinh-khong-the-dao-nguoc-20211223103617448.htm,2021-12-23,2,1190
Báo chí tăng tốc chuyển đổi số,/bao-chi-tang-toc-chuyen-doi-so-20211223090034814.htm,2021-12-23,0,1842
Chuyển đổi số được sẽ giảm 'chi phí chìm' cho doanh nghiệp,/chuyen-doi-so-duoc-se-giam-chi-phi-chim-cho-doanh-nghiep-20211221094940617.htm,2021-12-23,1,1649
Công nghệ trí tuệ nhân tạo của VNPT 'đắt hàng' trong nền kinh tế số,/cong-nghe-tri-tue-nhan-tao-cua-vnpt-dat-hang-trong-nen-kinh-te-so-20211222133725846.htm,2021-12-22,2,1523
Startup Việt nhận giải thưởng quốc tế chuyển đổi số giáo dục qua công nghệ,/startup-viet-nhan-giai-thuong-quoc-te-chuyen-doi-so-giao-duc-qua-cong-nghe-20211221171930991.htm,2021-12-22,0,549
Vụ 'thổi giá' kit xét nghiệm Việt Á: Lợi dụng chống dịch bất chấp luật pháp,/vu-thoi-gia-kit-xet-nghiem-viet-a-loi-dung-chong-dich-bat-chap-luat-phap-20211222083616988.htm,2021-12-22,0,3274
Công nghệ số giúp ngành giao nhận hàng đạt hiệu quả khó ngờ,/cong-nghe-so-giup-nganh-giao-nhan-hang-dat-hieu-qua-kho-ngo-20211214100220421.htm,2021-12-20,1,1187
Bình Dương có mua kit xét nghiệm của Công ty Việt Á,/binh-duong-co-mua-kit-xet-nghiem-cua-cong-ty-viet-a-20211220182325155.htm,2021-12-20,0,893
Gia Lai chỉ mua kit xét nghiệm của Việt Á dùng cho 1 ngày vì giá quá cao,/gia-lai-chi-mua-kit-xet-nghiem-cua-viet-a-dung-cho-1-ngay-vi-gia-qua-cao-20211220100828805.htm,2021-12-20,0,891
10 tài năng trẻ nhận giải thưởng Quả cầu vàng 2021,/10-tai-nang-tre-nhan-giai-thuong-qua-cau-vang-2021-20211220084019839.htm,2021-12-20,0,854
Thủ tướng yêu cầu đẩy mạnh chuyển đổi số để phát triển vận tải biển,/thu-tuong-yeu-cau-day-manh-chuyen-doi-so-de-phat-trien-van-tai-bien-20211219123223956.htm,2021-12-19,3,927
Việt Nam có nền tảng Chính quyền số toàn diện đầu tiên,/viet-nam-co-nen-tang-chinh-quyen-so-toan-dien-dau-tien-20211218184406844.htm,2021-12-18,2,1390
"SOVICO hợp tác với HCL Technologies Limited nghiên cứu, phát triển công nghệ",/sovico-hop-tac-voi-hcl-technologies-limited-nghien-cuu-phat-trien-cong-nghe-20211217201706104.htm,2021-12-18,0,749
Chủ tịch Phan Văn Mãi: Chuyển đổi số có sứ mệnh mới hậu COVID-19,/chu-tich-phan-van-mai-chuyen-doi-so-co-su-menh-moi-hau-covid-19-20211216100452446.htm,2021-12-16,3,1267
Thiếu tướng Lê Đăng Dũng: Viettel không bao giờ dừng ở gia công mà phải làm chủ công nghệ lõi,/thieu-tuong-le-dang-dung-viettel-khong-bao-gio-dung-o-gia-cong-ma-phai-lam-chu-cong-nghe-loi-20211215144822763.htm,2021-12-15,4,1607
Khai trương trung tâm điều hành đô thị thông minh đầu tiên tại Đồng Tháp,/khai-truong-trung-tam-dieu-hanh-do-thi-thong-minh-dau-tien-tai-dong-thap-20211212161359972.htm,2021-12-12,1,852
"Chuyển đổi số: Phải nhanh hơn, mạnh hơn!",/chuyen-doi-so-phai-nhanh-hon-manh-hon-2021121208255986.htm,2021-12-12,15,2006
Chuyển đổi số sẽ dẫn dắt phục hồi kinh tế sau dịch,/chuyen-doi-so-se-dan-dat-phuc-hoi-kinh-te-sau-dich-20211211193633888.htm,2021-11-12,20,1290
"Thúc đẩy chuyển đổi số, phục hồi kinh tế sau đại dịch bằng những nền tảng Make in Vietnam",/thuc-day-chuyen-doi-so-phuc-hoi-kinh-te-sau-dai-dich-bang-nhung-nen-tang-make-in-vietnam-20211211114617916.htm,2021-11-12,11,1527
"Khám chữa bệnh từ xa: Tốt cho bệnh nhân, an toàn cho bệnh viện",/kham-chua-benh-tu-xa-tot-cho-benh-nhan-an-toan-cho-benh-vien-20211209100222158.htm,2021-10-12,1,1300
Vì sao mua vé số qua Vietlott SMS đang trở thành xu hướng?,/vi-sao-mua-ve-so-qua-vietlott-sms-dang-tro-thanh-xu-huong-20211209110322517.htm,2021-09-12,0,1285
Nâng tầm nhân lực công nghệ thông tin,/nang-tam-nhan-luc-cong-nghe-thong-tin-20211209083142085.htm,2021-09-12,0,1224
Thủ tướng sẽ tham dự Diễn đàn Quốc gia phát triển doanh nghiệp công nghệ số,/thu-tuong-se-tham-du-dien-dan-quoc-gia-phat-trien-doanh-nghiep-cong-nghe-so-20211207201042799.htm,2021-07-12,19,847
"Thủ tướng: 'Muốn chuyển đổi số, công nghệ số phải có xã hội số, công dân số'",/thu-tuong-muon-chuyen-doi-so-cong-nghe-so-phai-co-xa-hoi-so-cong-dan-so-20211206131205508.htm,2021-06-12,3,1170
VIDEX 2021 ứng dụng công nghệ để xúc tiến thương mại,/videx-2021-ung-dung-cong-nghe-de-xuc-tien-thuong-mai-20211201164136622.htm,2021-01-12,1,556
Dấu ấn 10 năm của Vietlott – Mới! Để tốt hơn,/dau-an-10-nam-cua-vietlott-moi-de-tot-hon-20211130235759513.htm,2021-01-12,0,1524
eKYC và chiến lược số hóa của HDBank,/ekyc-va-chien-luoc-so-hoa-cua-hdbank-20211130161212799.htm,2021-11-30,0,1312
Nhiều hiến kế giải pháp công nghệ phát triển TP.HCM,/nhieu-hien-ke-giai-phap-cong-nghe-phat-trien-tp-hcm-20211127123246649.htm,2021-11-27,2,777
Hiến kế giải pháp công nghệ phát triển TP.HCM: Tạo môi trường sáng tạo cho sinh viên,/hien-ke-giai-phap-cong-nghe-phat-trien-tp-hcm-tao-moi-truong-sang-tao-cho-sinh-vien-20211127084741527.htm,2021-11-27,0,1746
Hiến kế giải pháp công nghệ phát triển TP.HCM: 4 lĩnh vực nên ưu tiên đầu tư,/hien-ke-giai-phap-cong-nghe-phat-trien-tphcm-4-linh-vuc-nen-uu-tien-dau-tu-20211125093751711.htm,2021-11-25,2,832
Khởi động diễn đàn 'Hiến kế giải pháp công nghệ phát triển TP.HCM',/khoi-dong-dien-dan-hien-ke-giai-phap-cong-nghe-phat-trien-tp-hcm-20211122084149627.htm,2021-11-22,0,2153
"F0 gia tăng, TP.HCM cần thêm 100.000 liều thuốc kháng virus Molnupiravir",/f0-gia-tang-tp-hcm-can-them-100-000-lieu-thuoc-khang-virus-molnupiravir-20211119125027346.htm,2021-11-19,0,916
Chứng khoán Yuanta Việt Nam tăng vốn điều lệ lên 2.000 tỉ đồng,/chung-khoan-yuanta-viet-nam-tang-von-dieu-le-len-2000-ti-dong-20211118072206691.htm,2021-11-18,0,1296
Chữ ký số cá nhân: Cơ hội đón đầu chuyển đổi số trong lĩnh vực tài chính,/chu-ky-so-ca-nhan-co-hoi-don-dau-chuyen-doi-so-trong-linh-vuc-tai-chinh-202111161825043.htm,2021-11-16,0,1611
Tham gia bình chọn Quả cầu vàng năm 2021,/tham-gia-binh-chon-qua-cau-vang-nam-2021-20211116115954659.htm,2021-11-16,0,1108
Thành phố thông minh - 'Sức bật' mới của địa phương trong kỷ nguyên số,/thanh-pho-thong-minh-suc-bat-moi-cua-dia-phuong-trong-ky-nguyen-so-20211115181622471.htm,2021-11-15,0,1137
Việt Nam - hành trình phóng vệ tinh vào vũ trụ - Kỳ 4: Bóng hồng trong chế tạo vệ tinh,/viet-nam-hanh-trinh-phong-ve-tinh-vao-vu-tru-ky-4-bong-hong-trong-che-tao-ve-tinh-20211114095426388.htm,2021-11-14,0,2223
Quảng Ninh thông qua 5 nghị quyết quan trọng,/quang-ninh-thong-qua-5-nghi-quyet-quan-trong-20211113170351668.htm,2021-11-13,2,980
Điện lực miền Trung đoạt giải nhất Sáng tạo khoa học công nghệ Việt Nam,/dien-luc-mien-trung-dat-giai-nhat-sang-tao-khoa-hoc-cong-nghe-viet-nam-20211113103157952.htm,2021-11-13,0,710
"Đại biểu Quốc hội tích cực đổi mới, chuyển đổi số trong kỳ họp thứ 2, Quốc hội khóa XV",/dai-bieu-quoc-hoi-tich-cuc-doi-moi-chuyen-doi-so-trong-ky-hop-thu-2-quoc-hoi-khoa-xv-20211108190733774.htm,2021-08-11,2,1020
"Người dùng Twitter muốn tỉ phú Elon Musk bán cổ phần Tesla, ông Elon Musk cam kết sẽ làm như vậy",/nguoi-dung-twitter-muon-ti-phu-elon-musk-ban-co-phan-tesla-ong-elon-musk-cam-ket-se-lam-nhu-vay-20211108074027233.htm,2021-08-11,0,737
Đọc báo cùng bạn 6-11: Làm lãnh đạo không được lòng dân là thất bại,/doc-bao-cung-ban-6-11-lam-lanh-dao-khong-duoc-long-dan-la-that-bai-20211106030141797.htm,2021-06-11,0,459
"Ra mắt không gian sáng tạo số mới nhất, MB đón đầu công nghệ ngành ngân hàng Việt",/ra-mat-khong-gian-sang-tao-so-moi-nhat-mb-don-dau-cong-nghe-nganh-ngan-hang-viet-20211104174622569.htm,2021-05-11,0,1108
"Thúc đẩy thanh toán không dùng tiền mặt để phòng chống tham nhũng, chống rửa tiền",/thuc-day-thanh-toan-khong-dung-tien-mat-de-phong-chong-tham-nhung-chong-rua-tien-20211028192301391.htm,2021-10-28,0,1222
Số lượng 'kỳ lân' mới ở Ấn Độ vượt xa Trung Quốc,/so-luong-ky-lan-moi-o-an-do-vuot-xa-trung-quoc-20211028150314358.htm,2021-10-28,0,751
Hãng bay Mỹ thử nghiệm nhận diện khuôn mặt thay cho thẻ lên máy bay,/hang-bay-my-thu-nghiem-nhan-dien-khuon-mat-thay-cho-the-len-may-bay-20211028104604293.htm,2021-10-28,0,614
Tư vấn: Ứng dụng công nghệ mới theo dõi đường huyết liên tục trong quản lý đái tháo đường,/tu-van-ung-dung-cong-nghe-moi-theo-doi-duong-huyet-lien-tuc-trong-quan-ly-dai-thao-duong-20211027090155262.htm,2021-10-27,0,1097
Công ty Nhiệt điện Phú Mỹ áp dụng ứng dụng Base trong chuyển đổi số doanh nghiệp,/cong-ty-nhiet-dien-phu-my-ap-dung-ung-dung-base-trong-chuyen-doi-so-doanh-nghiep-20211026145252567.htm,2021-10-26,1,725
Agribank Chi nhánh Bắc TP.HCM thông báo tuyển dụng lao động năm 2021,/agribank-chi-nhanh-bac-tphcm-thong-bao-tuyen-dung-lao-dong-nam-2021-20211024145236087.htm,2021-10-25,0,596
Biến COVID-19 thành cơ hội để Việt Nam đột phá vươn lên về công nghệ,/bien-covid-19-thanh-co-hoi-de-viet-nam-dot-pha-vuon-len-ve-cong-nghe-20211018151308097.htm,2021-10-18,0,1082
Số hóa cơ sở hạ tầng – Nền tảng cho thành phố thông minh,/so-hoa-co-so-ha-tang-nen-tang-cho-thanh-pho-thong-minh-20211018133144991.htm,2021-10-18,0,477
Thủy điện Buôn Kuốp ứng dụng công nghệ trong phòng chống thiên tai,/thuy-dien-buon-kuop-ung-dung-cong-nghe-trong-phong-chong-thien-tai-20211015105248623.htm,2021-10-15,0,784
Vietlott được vinh danh Top 10 thương hiệu mạnh ngành Dịch vụ số Việt Nam 2021,/vietlott-duoc-vinh-danh-top-10-thuong-hieu-manh-nganh-dich-vu-so-viet-nam-2021-20211014103415032.htm,2021-10-14,0,1067
Thủ tướng: Khai mở các giá trị của chuyển đổi số để phục hồi kinh tế sau đại dịch,/thu-tuong-khai-mo-cac-gia-tri-cua-chuyen-doi-so-de-phuc-hoi-kinh-te-sau-dai-dich-20211012213232271.htm,2021-12-10,4,1655
Dai-ichi Life Việt Nam nhận giải thưởng về chuyển đổi số,/dai-ichi-life-viet-nam-nhan-giai-thuong-ve-chuyen-doi-so-20211011181729111.htm,2021-11-10,0,1017
Úc lập ủy ban giám sát thông tin sai lệch trên Internet,/uc-lap-uy-ban-giam-sat-thong-tin-sai-lech-tren-internet-20211011141327334.htm,2021-11-10,0,1132
TP.HCM: Nhiều hoạt động trong Tuần lễ học tập suốt đời 2021,/tp-hcm-nhieu-hoat-dong-trong-tuan-le-hoc-tap-suot-doi-2021-2021100618321689.htm,2021-06-10,2,1026
KSF Group và chiến lược 'tối ưu cho người dùng bằng các điểm chạm',/ksf-group-va-chien-luoc-toi-uu-cho-nguoi-dung-bang-cac-diem-cham-20211006130444969.htm,2021-06-10,0,1772
"Chữ ký số: Cơ hội và thách thức, mở lối thành công trong chuyển đổi số",/chu-ky-so-co-hoi-va-thach-thuc-mo-loi-thanh-cong-trong-chuyen-doi-so-20211004233336901.htm,2021-05-10,0,1571
Sử dụng công nghệ để phòng chống dịch hiệu quả hơn,/su-dung-cong-nghe-de-phong-chong-dich-hieu-qua-hon-20211003230354666.htm,2021-04-10,0,1877
Ứng dụng PC-COVID cần khắc phục những vấn đề gì về bảo mật?,/ung-dung-pc-covid-can-khac-phuc-nhung-van-de-gi-ve-bao-mat-20211003153201012.htm,2021-03-10,0,1902
"Hậu COVID, doanh nghiệp sẽ phải 'biến đổi' như thế nào?",/hau-covid-doanh-nghiep-se-phai-bien-doi-nhu-the-nao-20210930112858195.htm,2021-09-30,0,1351
Nâng cao năng lực quản lý bằng công nghệ 3D ở Thủy điện Thác Mơ,/nang-cao-nang-luc-quan-ly-bang-cong-nghe-3d-o-thuy-dien-thac-mo-20210929143919627.htm,2021-09-29,2,1099
Phục hồi ngành F&B: Trăm sự nhờ shipper,/phuc-hoi-nganh-fb-tram-su-nho-shipper-20210928204659626.htm,2021-09-29,0,1880
Giải pháp Ngân hàng số toàn diện hàng đầu dành cho doanh nghiệp: BIZ MBBank,/giai-phap-ngan-hang-so-toan-dien-hang-dau-danh-cho-doanh-nghiep-biz-mbbank-20210922180957948.htm,2021-09-22,0,1204
MBBank đồng hành cùng cộng đồng trong công tác thiện nguyện minh bạch,/mbbank-dong-hanh-cung-cong-dong-trong-cong-tac-thien-nguyen-minh-bach-20210922134433551.htm,2021-09-22,0,1160
Agribank Chi nhánh 3 thông báo tuyển dụng,/agribank-chi-nhanh-3-thong-bao-tuyen-dung-20210921160348426.htm,2021-09-22,0,599
"Sinh viên sáng tạo các ‘phòng chờ ảo’, giảm thời gian thăm khám ở bệnh viện",/sinh-vien-sang-tao-cac-phong-cho-ao-giam-thoi-gian-tham-kham-o-benh-vien-20210921093148276.htm,2021-09-21,0,856
Thủ tướng Phạm Minh Chính đề nghị Áo chuyển nhượng vắc xin còn dư,/thu-tuong-pham-minh-chinh-de-nghi-ao-chuyen-nhuong-vac-xin-con-du-20210917095321977.htm,2021-09-17,0,1040
Xổ số Max 3D - cách chơi quen thuộc với người Việt Nam,/xo-so-max-3d-cach-choi-quen-thuoc-voi-nguoi-viet-nam-20210916220618781.htm,2021-09-17,0,1316
Bảo tàng Lịch sử quốc gia đưa khách tham quan online các bảo vật bằng công nghệ 3D,/bao-tang-lich-su-quoc-gia-dua-khach-tham-quan-online-cac-bao-vat-bang-cong-nghe-3d-20210915123101924.htm,2021-09-15,2,1204
Ngày càng nhiều tập đoàn công nghệ tự phát triển chip riêng,/ngay-cang-nhieu-tap-doan-cong-nghe-tu-phat-trien-chip-rieng-20210909150151107.htm,2021-09-09,0,1124
"Số hóa ngân hàng, khách hàng được lợi gì?",/so-hoa-ngan-hang-khach-hang-duoc-loi-gi-20210908123718525.htm,2021-08-09,0,1555
Giải mã thành công của LazMall - trung tâm mua sắm trực tuyến hàng đầu Đông Nam Á,/giai-ma-thanh-cong-cua-lazmall-trung-tam-mua-sam-truc-tuyen-hang-dau-dong-nam-a-20210908140246224.htm,2021-08-09,0,1394
Gen Z thúc đẩy hệ sinh thái tiện ích ngân hàng số trong đại dịch,/gen-z-thuc-day-he-sinh-thai-tien-ich-ngan-hang-so-trong-dai-dich-20210908101451502.htm,2021-08-09,0,1477
TP.HCM: Shipper được hoạt động tại 'vùng đỏ',/tphcm-shipper-duoc-hoat-dong-tai-vung-do-20210901152523642.htm,2021-01-09,0,850
Điện lực miền Nam chuyển đổi số: Ngày mai bắt đầu từ hôm nay,/dien-luc-mien-nam-chuyen-doi-so-ngay-mai-bat-dau-tu-hom-nay-20210830152701529.htm,2021-08-30,1,1638
FPT hỗ trợ thiết bị công nghệ cho 5 bệnh viện dã chiến tại Cần Thơ,/fpt-ho-tro-thiet-bi-cong-nghe-cho-5-benh-vien-da-chien-tai-can-tho-20210830120713707.htm,2021-08-30,0,847
PTC2 triển khai giám sát và kiểm tra y tế bằng công nghệ số,/ptc2-trien-khai-giam-sat-va-kiem-tra-y-te-bang-cong-nghe-so-20210830121429638.htm,2021-08-30,3,1067
Người tiêu dùng thông minh thời 4.0: Chủ động bảo vệ trước rủi ro,/nguoi-tieu-dung-thong-minh-thoi-40-chu-dong-bao-ve-truoc-rui-ro-20210825132309566.htm,2021-08-25,2,1609
"HỎI - ĐÁP về dịch COVID-19: Đã tiêm mũi 1 vắc xin COVID-19, tiêm mũi 2 ra sao?",/hoi-dap-ve-dich-covid-19-da-tiem-mui-1-vac-xin-covid-19-tiem-mui-2-ra-sao-20210825150046329.htm,2021-08-25,0,1382
‘Chuẩn bị hành trang tương lai số và công nghệ cho mỗi sinh viên’,/chuan-bi-hanh-trang-tuong-lai-so-va-cong-nghe-cho-moi-sinh-vien-2021082414202764.htm,2021-08-24,1,1108
Áp dụng công nghệ số tăng cường hợp tác liên nghị viện ASEAN,/ap-dung-cong-nghe-so-tang-cuong-hop-tac-lien-nghi-vien-asean-20210823140037472.htm,2021-08-23,1,1439
Đọc báo cùng bạn 20-8: Tập trung xét nghiệm mở rộng 'vùng xanh',/doc-bao-cung-ban-20-8-tap-trung-xet-nghiem-mo-rong-vung-xanh-2021082003071147.htm,2021-08-20,0,390
YouTube thêm công nghệ giúp người dùng dễ tìm thấy video mong muốn,/youtube-them-cong-nghe-giup-nguoi-dung-de-tim-thay-video-mong-muon-20210819111228999.htm,2021-08-19,0,917
Lý do ngành Công nghệ thông tin trở thành ngành hot năm 2021,/ly-do-nganh-cong-nghe-thong-tin-tro-thanh-nganh-hot-nam-2021-2021081615244252.htm,2021-08-16,2,1297
Lợi thế nổi bật khi học Trí tuệ nhân tạo (AI) tại SIU,/loi-the-noi-bat-khi-hoc-tri-tue-nhan-tao-ai-tai-siu-20210814155700302.htm,2021-08-16,0,1629
Hiến kế 'TP.HCM nâng tầm quốc tế': TP.HCM - thành phố số,/hien-ke-tphcm-nang-tam-quoc-te-tphcm-thanh-pho-so-20210812101902149.htm,2021-12-08,0,2489
"Ra mắt hệ thống dữ liệu và các nền tảng phòng chống dịch thống nhất, liên thông",/ra-mat-he-thong-du-lieu-va-cac-nen-tang-phong-chong-dich-thong-nhat-lien-thong-20210808204745383.htm,2021-08-08,3,856
Tổng công ty Điện lực TP.HCM: Con người là trung tâm của chuyển đổi số,/tong-cong-ty-dien-luc-tp-hcm-con-nguoi-la-trung-tam-cua-chuyen-doi-so-20210807094213978.htm,2021-07-08,0,1388
ĐH Quốc gia Hà Nội công bố ngưỡng đầu vào qua xét tuyển điểm thi tốt nghiệp,/dh-quoc-gia-ha-noi-cong-bo-nguong-dau-vao-qua-xet-tuyen-diem-thi-tot-nghiep-20210803132335514.htm,2021-03-08,0,925
Hiến kế 'TP.HCM nâng tầm quốc tế': Cấp thiết chính quyền số,/hien-ke-tp-hcm-nang-tam-quoc-te-cap-thiet-chinh-quyen-so-20210727231540399.htm,2021-07-28,0,1815
"Khuyến khích xã hội hóa, phát triển ""quỹ vắc xin""",/khuyen-khich-xa-hoi-hoa-phat-trien-quy-vac-xin-20210722100317166.htm,2021-07-22,0,1536
TP.HCM yêu cầu khẩn các quận huyện mở rộng thêm 10 nhóm lao động tự do nhận hỗ trợ,/tp-hcm-yeu-cau-khan-cac-quan-huyen-mo-rong-them-10-nhom-lao-dong-tu-do-nhan-ho-tro-20210720162735997.htm,2021-07-20,0,1221
Ngành điện TP.HCM sẽ sớm hoàn thành chuyển đổi số,/nganh-dien-tphcm-se-som-hoan-thanh-chuyen-doi-so-20210718224644443.htm,2021-07-19,0,1921
"'Săn' Jackpot ở bất cứ đâu, tại sao không?",/san-jackpot-o-bat-cu-dau-tai-sao-khong-20210716162515732.htm,2021-07-17,0,1176
Công nghệ số giúp Điện lực TP.HCM cấp điện ổn định trong mùa dịch,/cong-nghe-so-giup-dien-luc-tphcm-cap-dien-on-dinh-trong-mua-dich-20210716113418305.htm,2021-07-16,2,1979
Trường Đại học Văn Lang bất ngờ mở ngành hot Thương mại điện tử,/truong-dai-hoc-van-lang-bat-ngo-mo-nganh-hot-thuong-mai-dien-tu-20210714161523533.htm,2021-07-14,2,1177
Úc phát triển thành công công nghệ đo đường huyết không cần lấy máu,/uc-phat-trien-thanh-cong-cong-nghe-do-duong-huyet-khong-can-lay-mau-20210713110955703.htm,2021-07-13,0,796
HỎI - ĐÁP về dịch COVID-19: Chỉ thị 16 được áp dụng như thế nào tại TP.HCM từ 0h ngày 9-7?,/hoi-dap-ve-dich-covid-19-chi-thi-16-duoc-ap-dung-nhu-the-nao-tai-tp-hcm-tu-0h-ngay-9-7-20210708161349434.htm,2021-08-07,0,444
Triệt phá đường dây đánh bạc qua mạng với số tiền giao dịch trên 50 tỉ đồng,/triet-pha-duong-day-danh-bac-qua-mang-voi-so-tien-giao-dich-tren-50-ti-dong-bat-giu-6-con-bac-2021070712545385.htm,2021-07-07,0,791
Nutricare: Dây chuyền triệu đô cho giấc mơ 'dinh dưỡng vượt trội',/nutricare-day-chuyen-trieu-do-cho-giac-mo-dinh-duong-vuot-troi-20210702160207785.htm,2021-03-07,0,1140
Ứng dụng công nghệ số trong cảnh báo xả nước điều tiết hồ chứa và chạy máy từ xa,/ung-dung-cong-nghe-so-trong-canh-bao-xa-nuoc-dieu-tiet-ho-chua-va-chay-may-tu-xa-2021062816223269.htm,2021-06-28,5,1850
Bộ trưởng Lê Minh Hoan: Làm nông hiện nay phải tính đến 'thương hiệu',/bo-truong-le-minh-hoan-lam-nong-hien-nay-phai-tinh-den-thuong-hieu-20210628130426983.htm,2021-06-28,0,1082
Doanh nghiệp công nghệ Việt xây dựng cơ sở dữ liệu quốc gia về dân cư như thế nào?,/doanh-nghiep-cong-nghe-viet-xay-dung-co-so-du-lieu-quoc-gia-ve-dan-cu-nhu-the-nao-20210625182753734.htm,2021-06-26,0,1781
Lừa đảo học sinh nộp tiền để chiếm ưu thế xét tuyển học bạ,/lua-dao-hoc-sinh-nop-tien-de-chiem-uu-the-xet-tuyen-hoc-ba-20210623111634285.htm,2021-06-23,0,617
"TP.HCM: Tập trung quá 3 người nơi công cộng, vẫn bán ở chợ tạm... bị phạt thế nào?",/tp-hcm-tap-trung-qua-3-nguoi-noi-cong-cong-van-ban-o-cho-tam-bi-phat-the-nao-20210620180734583.htm,2021-06-20,0,293
Ưu tiên xây dựng thương hiệu quốc gia cho sản phẩm công nghệ số 'Make in Vietnam',/uu-tien-xay-dung-thuong-hieu-quoc-gia-cho-san-pham-cong-nghe-so-make-in-vietnam-20210618133945728.htm,2021-06-18,12,872
Triển khai chiến dịch tiêm chủng lớn nhất trong lịch sử,/trien-khai-chien-dich-tiem-chung-lon-nhat-trong-lich-su-20210616025345916.htm,2021-06-16,0,1546
"PVOil thu hồi văn bản buộc nhân viên phải nghỉ việc nếu làm thêm shipper, taxi công nghệ...",/pvoil-thu-hoi-van-ban-buoc-nhan-vien-phai-nghi-viec-neu-lam-them-shipper-taxi-cong-nghe-20210615115644133.htm,2021-06-15,0,1300
Một phụ nữ bị lừa chiếm đoạt hơn 1 tỉ đồng vì nộp tiền vào tài khoản lạ,/mot-phu-nu-bi-lua-chiem-doat-hon-1-ti-dong-vi-nop-tien-vao-tai-khoan-la-20210614134906607.htm,2021-06-14,0,784
Tìm kiếm giải pháp Chuyển đổi số quốc gia với Viet Solutions 2021,/tim-kiem-giai-phap-chuyen-doi-so-quoc-gia-voi-viet-solutions-2021-20210610150847961.htm,2021-10-06,0,721
Giải thưởng VinFuture thu hút nhiều nhà khoa học hàng đầu thế giới tham gia,/giai-thuong-vinfuture-thu-hut-nhieu-nha-khoa-hoc-hang-dau-the-gioi-tham-gia-20210610142514049.htm,2021-10-06,1,1034
Bước tiến chuyển đổi số của bảo hiểm phi nhân thọ Cathay Việt Nam,/buoc-tien-chuyen-doi-so-cua-bao-hiem-phi-nhan-tho-cathay-viet-nam-20210609175204261.htm,2021-10-06,0,1040
Các công ty công nghệ ở Trung Quốc chê nhân viên trên 35 tuổi là 'quá già',/cac-cong-ty-cong-nghe-o-trung-quoc-che-nhan-vien-tren-35-tuoi-la-qua-gia-20210606113647338.htm,2021-06-06,2,1169
COVID-19 khiến vốn đầu tư vào các startup Việt Nam giảm gần 48%,/covid-19-khien-von-dau-tu-vao-cac-startup-viet-nam-giam-gan-48-2021053100283176.htm,2021-05-31,0,1184
EVNGENCO 2 nghiên cứu triển khai số hóa 3D thiết bị nhà máy điện,/evngenco-2-nghien-cuu-trien-khai-so-hoa-3d-thiet-bi-nha-may-dien-20210528145438588.htm,2021-05-28,1,1871
Tận dụng công nghệ để chống dịch,/tan-dung-cong-nghe-de-chong-dich-20210526085235799.htm,2021-05-26,0,1481
Facebook đạt doanh thu cao hơn trong mùa dịch nhưng đóng thuế ít đi,/facebook-dat-doanh-thu-cao-hon-trong-mua-dich-nhung-dong-thue-it-di-20210523212514798.htm,2021-05-23,0,943
"Elon Musk 'bẻ lái', Bitcoin ngã nhào",/elon-musk-be-lai-bitcoin-nga-nhao-20210515101343699.htm,2021-05-15,0,1363
Trường đại học Tài Chính Ngân Hàng Hà Nội tuyển sinh năm học 2021- 2022,/truong-dai-hoc-tai-chinh-ngan-hang-ha-noi-tuyen-sinh-nam-hoc-2021-2022-20210514185632811.htm,2021-05-15,0,1122
"Giả thầy cô lừa sinh viên nộp tiền học lại, thi lại",/gia-thay-co-lua-sinh-vien-nop-tien-hoc-lai-thi-lai-20210511152759307.htm,2021-11-05,0,779
Công nghệ OCR và cách mạng số hóa trong ngành bảo hiểm,/cong-nghe-ocr-va-cach-mang-so-hoa-trong-nganh-bao-hiem-20210508141408554.htm,2021-10-05,0,1278
Các ông lớn công nghệ bị xem là mối đe dọa lớn nhất cho nền dân chủ,/cac-ong-lon-cong-nghe-bi-xem-la-moi-de-doa-lon-nhat-cho-nen-dan-chu-20210505200358087.htm,2021-05-05,0,810
HDBank số hóa quy trình mở tài khoản tại quầy,/hdbank-so-hoa-quy-trinh-mo-tai-khoan-tai-quay-20210505185107625.htm,2021-05-05,0,1011
Ly kỳ giải cứu tàu ngầm dưới biển khơi - Kỳ 1: Buồng lặn cứu mạng 33 người,/ly-ky-giai-cuu-tau-ngam-duoi-bien-khoi-ky-1-buong-lan-cuu-mang-33-nguoi-20210503101335446.htm,2021-03-05,0,1977
TP Thủ Đức sẽ là nơi của những thử nghiệm mới,/tp-thu-duc-se-la-noi-cua-nhung-thu-nghiem-moi-20210427152635177.htm,2021-04-29,0,2717
Ngân hàng chi lớn cho cuộc đua trí tuệ nhân tạo,/ngan-hang-chi-lon-cho-cuoc-dua-tri-tue-nhan-tao-2021042910551564.htm,2021-04-29,0,1104
Đà Nẵng tiếp tục dẫn đầu bảng xếp hạng ứng dụng công nghệ thông tin 2020,/da-nang-tiep-tuc-dan-dau-bang-xep-hang-ung-dung-cong-nghe-thong-tin-2020-20210427131640131.htm,2021-04-27,0,632
'Thừa Thiên Huế nên coi mình là một quốc gia thu nhỏ để thực hiện chuyển đổi số',/thua-thien-hue-nen-coi-minh-la-mot-quoc-gia-thu-nho-de-thuc-hien-chuyen-doi-so-2021042711412385.htm,2021-04-27,0,1007
Màn trình diễn mãn nhãn bằng công nghệ XR chuẩn quốc tế,/man-trinh-dien-man-nhan-bang-cong-nghe-xr-chuan-quoc-te-20210426182802698.htm,2021-04-26,0,968
Long An và giấc mơ mang tầm quốc tế,/long-an-va-giac-mo-mang-tam-quoc-te-20210417230445437.htm,2021-04-18,0,1287
NovaGroup cùng Viettel hợp tác chiến lược trong chuyển đổi số,/novagroup-cung-viettel-hop-tac-chien-luoc-trong-chuyen-doi-so-2021041522022402.htm,2021-04-16,0,928
Gắn chip,/gan-chip-20210410224024742.htm,2021-11-04,0,400
Doanh nghiệp đầu tư lớn cho chuyển đổi số,/doanh-nghiep-dau-tu-lon-cho-chuyen-doi-so-20210410090039895.htm,2021-10-04,0,2135
Kỹ năng cho trẻ em trong thời đại số,/ky-nang-cho-tre-em-trong-thoi-dai-so-20210410090749535.htm,2021-10-04,0,1196
"Bắc Giang đẩy mạnh chuyển đổi số, xây dựng chính quyền điện tử",/bac-giang-day-manh-chuyen-doi-so-xay-dung-chinh-quyen-dien-tu-20210403132328546.htm,2021-03-04,0,922
'Đồ chơi' cờ bạc bịp có chứa chất phóng xạ vẫn tung hoành,/do-choi-co-bac-bip-co-chua-chat-phong-xa-van-tung-hoanh-20210327231057699.htm,2021-03-28,0,1354
Ảnh vệ tinh tiết lộ số lượng lớn tàu Trung Quốc ở Đá Ba Đầu không đánh bắt cá,/anh-ve-tinh-tiet-lo-so-luong-lon-tau-trung-quoc-o-da-ba-dau-khong-danh-bat-ca-20210326160458924.htm,2021-03-26,0,1149
"Làm chủ công nghệ lõi, thúc đẩy bảo hộ sáng chế nhằm nâng cao năng lực cạnh tranh",/lam-chu-cong-nghe-loi-thuc-day-bao-ho-sang-che-nham-nang-cao-nang-luc-canh-tranh-20210318235737621.htm,2021-03-19,0,1611
Lãnh đạo TP.HCM thăm Công viên phần mềm Quang Trung,/lanh-dao-tp-hcm-tham-cong-vien-phan-mem-quang-trung-20210316172444125.htm,2021-03-16,0,759
"Chủ tịch Quốc hội: 'Chúng tôi cũng đi trước về công nghệ số, chẳng kém bên Chính phủ'",/chu-tich-quoc-hoi-chung-toi-cung-di-truoc-ve-cong-nghe-so-chang-kem-ben-chinh-phu-20210316154607278.htm,2021-03-16,1,791
ĐH Kiến trúc Hà Nội giảm học phí cho thí sinh đăng ký vào một số ngành,/dh-kien-truc-ha-noi-giam-hoc-phi-cho-thi-sinh-dang-ky-vao-mot-so-nganh-20210311172522117.htm,2021-11-03,0,838
HƯỚNG TỚI VIỆT NAM SỐ: Công nghệ tuyển sinh đầu cấp thời 4.0,/huong-toi-viet-nam-so-cong-nghe-tuyen-sinh-dau-cap-thoi-4-0-20210310080302696.htm,2021-10-03,1,1345
Giải pháp truyền thông trong thời đại kỷ nguyên số - Yếu tố sống còn của doanh nghiệp,/giai-phap-truyen-thong-trong-thoi-dai-ky-nguyen-so-yeu-to-song-con-cua-doanh-nghiep-20210308160455313.htm,2021-09-03,0,567
Mỹ dùng công nghệ đấu với Trung Quốc,/my-dung-cong-nghe-dau-voi-trung-quoc-20210303073556435.htm,2021-03-03,0,1389
Lãnh đạo Dân chủ ở Thượng viện Mỹ quyết chống sự trỗi dậy của Trung Quốc,/lanh-dao-dan-chu-o-thuong-vien-my-quyet-chong-su-troi-day-cua-trung-quoc-20210224062954126.htm,2021-02-24,0,785
"Doanh số điện thoại thông minh giảm, Huawei chuyển sang các trại nuôi heo",/doanh-so-ban-dien-thoai-thong-minh-giam-huawei-chuyen-sang-cac-trang-trai-nuoi-lon-20210219145942973.htm,2021-02-19,0,588
OPPO góp 4 trong 5 smartphone bán chạy nhất tháng 1-2021,/oppo-gop-4-trong-5-smartphone-ban-chay-nhat-thang-1-2021-20210202114053598.htm,2021-02-02,0,1312
Mục tiêu 1.000 người dân có 1 doanh nghiệp công nghệ số,/muc-tieu-1000-nguoi-dan-co-1-doanh-nghiep-cong-nghe-so-2021012814202467.htm,2021-01-28,4,1237
Thúc đẩy mạnh mẽ chuyển đổi số quốc gia,/thuc-day-manh-me-chuyen-doi-so-quoc-gia-20210126231116727.htm,2021-01-27,0,1143
18 sản phẩm vào chung khảo Nhân tài Đất Việt 'Sức mạnh chuyển đổi Số',/18-san-pham-vao-chung-khao-nhan-tai-dat-viet-suc-manh-chuyen-doi-so-20210126113107998.htm,2021-01-26,0,681
Nga phản đối Mỹ ủng hộ biểu tình đòi thả chính trị gia đối lập Navalny,/nga-phan-doi-my-ung-ho-bieu-tinh-doi-tha-chinh-tri-gia-doi-lap-navalny-20210125185117377.htm,2021-01-25,0,900
Công cuộc số hóa: Lời giải cho bài toán chi phí của doanh nghiệp Việt,/cong-cuoc-so-hoa-loi-giai-cho-bai-toan-chi-phi-cua-doanh-nghiep-viet-20210122161050877.htm,2021-01-23,0,957
Việt Nam có chưa đến 1 bác sĩ và 2 y tá cho 1.000 người dân,/viet-nam-co-chua-den-1-bac-si-va-2-y-ta-cho-1-000-nguoi-dan-20210120123645118.htm,2021-01-20,0,982
"Vì sao 1,2 tỉ người Trung Quốc chỉ dùng 100 họ?",/vi-sao-12-ti-nguoi-trung-quoc-chi-dung-100-ho-20210117220806991.htm,2021-01-17,0,1019
Công bố chương trình hỗ trợ chuyển đổi số cho doanh nghiệp vừa và nhỏ,/cong-bo-chuong-trinh-ho-tro-chuyen-doi-so-cho-doanh-nghiep-vua-va-nho-20210112131726495.htm,2021-12-01,1,1033
Trao giải nhì sản phẩm số tiềm năng 2020 cho ứng dụng 3D trong Y học của ĐH Duy Tân,/trao-giai-nhi-san-pham-so-tiem-nang-2020-cho-ung-dung-3d-trong-y-hoc-cua-dh-duy-tan-20210111122258685.htm,2021-11-01,8,1476
"Tận dụng lợi thế công nghệ, ba nhà mạng lớn mang tới cách mua vé số tự chọn theo kiểu mới",/tan-dung-loi-the-cong-nghe-ba-nha-mang-lon-mang-toi-cach-mua-ve-so-tu-chon-theo-kieu-moi-20210111114836169.htm,2021-11-01,0,1062
J&T Express 'bắt tay' Haravan tích hợp nhiều tiện ích cho người kinh doanh online,/jt-express-bat-tay-haravan-tich-hop-nhieu-tien-ich-cho-nguoi-kinh-doanh-online-20210108144231724.htm,2021-09-01,0,888
Ngân hàng thu hút nhân tài bằng công nghệ,/ngan-hang-thu-hut-nhan-tai-bang-cong-nghe-20210107180124568.htm,2021-08-01,0,1396
58 học viên lái tàu metro số 1 bị ngưng học vì chưa đóng phí đào tạo,/58-hoc-vien-lai-tau-metro-so-1-bi-ngung-hoc-vi-chua-dong-phi-dao-tao-20210107111709551.htm,2021-07-01,0,1257
"Công ty CP Lê Bảo Minh, 24 năm hoàn thành  cầu nối công nghệ thế giới và người tiêu dùng Việt",/cong-ty-cp-le-bao-minh-24-nam-hoan-thanh-cau-noi-cong-nghe-the-gioi-va-nguoi-tieu-dung-viet-20210106172612404.htm,2021-07-01,0,1501
"Mạng 5G, ứng dụng truy vết COVID-19... vào sự kiện ICT tiêu biểu năm 2020",/mang-5g-ung-dung-truy-vet-covid-19-vao-su-kien-ict-tieu-bieu-nam-2020-20201231122336289.htm,2020-12-31,11,2617
Để không còn chen lấn khám chữa bệnh,/de-khong-con-chen-lan-kham-chua-benh-20201229222040767.htm,2020-12-30,3,1872
Đề xuất UBND TP Thủ Đức có phòng khoa học - công nghệ,/de-xuat-ubnd-tp-thu-duc-co-phong-khoa-hoc-cong-nghe-20201224112608756.htm,2020-12-24,0,827
"Hướng tới Việt Nam số: Không 'Make in Vietnam', không thể tự cường",/huong-toi-viet-nam-so-khong-make-in-vietnam-khong-the-tu-cuong-20201224094810751.htm,2020-12-24,13,1406
Ca mổ tách rời Trúc Nhi - Diệu Nhi vào top 10 sự kiện khoa học công nghệ,/ca-mo-tach-roi-truc-nhi-dieu-nhi-lot-top-10-su-kien-khoa-hoc-cong-nghe-20201223164924373.htm,2020-12-23,1,1629
"Một năm, 13.000 doanh nghiệp công nghệ số ra đời",/mot-nam-13000-doanh-nghiep-cong-nghe-so-ra-doi-20201223153026244.htm,2020-12-23,16,1103
Phó thủ tướng Vũ Đức Đam: 'Trao sứ mệnh tiên phong để phát triển cho công nghệ',/pho-thu-tuong-vu-duc-dam-trao-su-menh-tien-phong-de-phat-trien-cho-cong-nghe-20201223162405468.htm,2020-12-23,7,1028
50 sản phẩm nhận giải thưởng 'Sản phẩm công nghệ số Make in Viet Nam',/50-san-pham-nhan-giai-thuong-san-pham-cong-nghe-so-make-in-viet-nam-20201221160110167.htm,2020-12-21,14,905
Shinhan Finance ra mắt iShinhan 3.0 ứng dụng các giải pháp công nghệ toàn diện,/shinhan-finance-ra-mat-ishinhan-30-ung-dung-cac-giai-phap-cong-nghe-toan-dien-20201221110655387.htm,2020-12-21,0,942
"Dữ liệu của tất cả học sinh TP.HCM đã được số hóa, mã hóa",/du-lieu-cua-tat-ca-hoc-sinh-tp-hcm-da-duoc-so-hoa-ma-hoa-20201218161029662.htm,2020-12-18,2,785
Thí điểm kinh doanh đặt cược bóng đá quốc tế tại VN: Cần đẩy nhanh việc thực hiện,/thi-diem-kinh-doanh-dat-cuoc-bong-da-quoc-te-tai-vn-can-day-nhanh-viec-thuc-hien-20201217201231737.htm,2020-12-18,1,1292
Thêm một loại hình giải trí có thưởng ứng dụng công nghệ tại Việt Nam,/them-mot-loai-hinh-giai-tri-co-thuong-ung-dung-cong-nghe-tai-viet-nam-20201215120117533.htm,2020-12-15,0,921
Hướng tới Việt Nam số: Doanh nghiệp công nghệ số là chủ lực,/huong-toi-viet-nam-so-doanh-nghiep-cong-nghe-so-la-chu-luc-20201215092337602.htm,2020-12-15,6,1465
Hướng tới Việt Nam số: VNPT được vinh danh nhiều hạng mục top 10 doanh nghiệp CNTT 2020,/huong-toi-viet-nam-so-vnpt-duoc-vinh-danh-nhieu-hang-muc-top-10-doanh-nghiep-cntt-2020-20201214214708385.htm,2020-12-14,0,1204
Chuyển đổi số quốc gia: Cần kết nối và chia sẻ nguồn lực,/chuyen-doi-so-quoc-gia-can-ket-noi-va-chia-se-nguon-luc-20201214155335481.htm,2020-12-14,3,1273
"Thủ tướng: Tiếp tục xây dựng một lớp nông dân mới, nắm chắc kinh tế số",/thu-tuong-tiep-tuc-xay-dung-mot-lop-nong-dan-moi-nam-chac-kinh-te-so-20201212184523358.htm,2020-12-12,0,1180
Xổ số và công nghệ: Sự kết hợp tất yếu vì lợi ích người chơi,/xo-so-va-cong-nghe-su-ket-hop-tat-yeu-vi-loi-ich-nguoi-choi-20201210104741767.htm,2020-10-12,0,1181
"Bắt nhóm người giả danh công an, viện kiểm sát đe dọa chiếm đoạt hàng trăm tỉ",/bat-nhom-nguoi-gia-danh-cong-an-vien-kiem-sat-de-doa-chiem-doat-hang-tram-ti-20201209175120221.htm,2020-09-12,0,885
Hanwha Life Việt Nam: trải nghiệm số và giải pháp cuộc sống tốt đẹp hơn,/hanwha-life-viet-nam-trai-nghiem-so-va-giai-phap-cuoc-song-tot-dep-hon-20201129110921458.htm,2020-11-30,0,1311
"Không cần tuyển thêm telesale, một trung tâm ngoại ngữ tăng thêm 30% học viên như thế nào?",/khong-can-tuyen-them-telesale-mot-trung-tam-ngoai-ngu-tang-them-30-hoc-vien-nhu-the-nao-20201127102653905.htm,2020-11-27,0,1302
COVID-19 thúc đẩy chuyển đổi số tại Việt Nam nhanh hơn bao giờ hết,/covid-19-thuc-day-chuyen-doi-so-tai-viet-nam-nhanh-hon-bao-gio-het-20201127104134652.htm,2020-11-27,0,1040
"TP.HCM tăng đầu tư thiết bị để phạt nguội, CSGT ít ra đường hơn",/tp-hcm-tang-dau-tu-thiet-bi-de-phat-nguoi-cstg-it-ra-duong-hon-20201126111524567.htm,2020-11-26,0,1076
Xe buýt mini công nghệ đang 'kẹt bánh',/xe-buyt-mini-cong-nghe-dang-ket-banh-20201126082827961.htm,2020-11-26,0,1354
"Đà Nẵng, thành phố thông minh nhất Việt Nam 2020",/da-nang-thanh-pho-thong-minh-nhat-viet-nam-2020-20201124202703816.htm,2020-11-24,2,911
Bộ trưởng Huỳnh Thành Đạt lần đầu trải lòng về nhiệm vụ mới,/bo-truong-huynh-thanh-dat-lan-dau-trai-long-ve-nhiem-vu-moi-20201123175910589.htm,2020-11-23,0,993
Viettel chia sẻ kinh nghiệm xây dựng thương hiệu với các doanh nghiệp 'Make in Vietnam',/viettel-chia-se-kinh-nghiem-xay-dung-thuong-hieu-voi-cac-doanh-nghiep-make-in-vietnam-20201123151009792.htm,2020-11-23,1,776
"Sử dụng hình ảnh 3D, công nghệ thực tế ảo để tăng sức hút du lịch TP.HCM",/su-dung-hinh-anh-3d-cong-nghe-thuc-te-ao-de-tang-suc-hut-du-lich-tp-hcm-20201120091443364.htm,2020-11-20,0,926
Đọc báo cùng bạn 16-11: Phải quản lý chặt người nghiện ma túy,/doc-bao-cung-ban-16-11-phai-quan-ly-chat-nguoi-nghien-ma-tuy-20201116041429244.htm,2020-11-16,0,418
Kết nối doanh nghiệp đồng bằng sông Cửu Long với các doanh nghiệp kiều bào tại Hoa Kỳ,/ket-noi-doanh-nghiep-dong-bang-song-cuu-long-voi-cac-doanh-nghiep-kieu-bao-tai-hoa-ky-20201113144540911.htm,2020-11-13,0,1102
Chuyển đổi số tạo bước chuyển mạnh tại Sacombank,/chuyen-doi-so-tao-buoc-chuyen-manh-tai-sacombank-2020111015274585.htm,2020-10-11,2,1445
"Sống lệ thuộc công nghệ, nhiều người Hàn Quốc cần 'thải độc kỹ thuật số'",/song-le-thuoc-cong-nghe-nhieu-nguoi-han-quoc-can-thai-doc-ky-thuat-so-20201030135944824.htm,2020-10-30,0,1384
Lần đầu có website ảnh chân dung ‘Mẹ Việt Nam anh hùng’,/lan-dau-co-website-anh-chan-dung-me-viet-nam-anh-hung-20201030102641598.htm,2020-10-30,0,900
Eximbank phát hành thẻ ghi nợ nội địa Chip VCCS,/eximbank-phat-hanh-the-ghi-no-noi-dia-chip-vccs-2020102618050696.htm,2020-10-26,0,721
"Kết quả gây sốc, 95% doanh nghiệp thừa nhận đổi mới công nghệ thất bại",/ket-qua-gay-soc-95-doanh-nghiep-thua-nhan-doi-moi-cong-nghe-that-bai-20201021171102201.htm,2020-10-21,0,856
Chủ tịch ADB hối thúc các nước ASEAN mở rộng đầu tư vào kỹ thuật số,/chu-tich-adb-hoi-thuc-cac-nuoc-asean-mo-rong-dau-tu-vao-ky-thuat-so-20201021133610441.htm,2020-10-21,0,1102
Nền tảng công nghệ Việt được dùng tổ chức sự kiện trực tuyến toàn cầu về công nghệ số,/nen-tang-cong-nghe-viet-duoc-dung-to-chuc-su-kien-truc-tuyen-toan-cau-ve-cong-nghe-so-20201020195851813.htm,2020-10-20,5,1247
Thư viện đại học Việt Nam kết nối dữ liệu sách từ ĐH Harvard,/thu-vien-dai-hoc-viet-nam-ket-noi-du-lieu-sach-tu-dh-harvard-20201013122339164.htm,2020-10-13,0,911
Kinh tế số nóng lên sau dịch COVID-19,/kinh-te-so-nong-len-sau-dich-covid-19-20201012210326756.htm,2020-12-10,1,1023
TP.HCM ra mắt Không gian sáng tạo và trải nghiệm chuyển đổi số,/tp-hcm-ra-mat-khong-gian-sang-tao-va-trai-nghiem-chuyen-doi-so-20201012132507484.htm,2020-12-10,5,915
"Nhặt được 4 cọc tiền to, nữ sinh viên Hutech liền mang nộp công an",/nhat-duoc-4-coc-tien-to-nu-sinh-vien-hutech-lien-mang-nop-cong-an-20201011174633825.htm,2020-11-10,0,561
Tài sản các tỉ phú thế giới tăng kỷ lục trong đại dịch,/tai-san-cac-ti-phu-the-gioi-tang-ky-luc-trong-dai-dich-20201007214010899.htm,2020-07-10,0,664
Bí kíp chuyển đổi số hiệu quả cho doanh nghiệp,/bi-kip-chuyen-doi-so-hieu-qua-cho-doanh-nghiep-20201007090647252.htm,2020-07-10,0,324
Bộ Xây dựng yêu cầu EVN rà soát lại chất lượng cột điện,/bo-xay-dung-yeu-cau-evn-ra-soat-lai-chat-luong-cot-dien-20201003141620452.htm,2020-03-10,0,716
Xây dựng Bách khoa toàn thư mở đầu tiên bktt.vn của Việt Nam,/xay-dung-bach-khoa-toan-thu-mo-dau-tien-bktt-vn-cua-viet-nam-20201001164144234.htm,2020-01-10,1,1094
TP.HCM học được gì từ quá trình chuyển đổi số của Singapore?,/tp-hcm-hoc-duoc-gi-tu-qua-trinh-chuyen-doi-so-cua-singapore-20200930134029362.htm,2020-09-30,1,1552
1.000 điểm cầu khám chữa bệnh từ xa ở Việt Nam: Dùng công nghệ số chữa bệnh,/1000-diem-cau-kham-chua-benh-tu-xa-o-viet-nam-dung-cong-nghe-so-chua-benh-20200926082311254.htm,2020-09-26,2,1538
Việt Nam lần đầu tiên tổ chức hội nghị và triển lãm Thế giới số toàn cầu,/viet-nam-lan-dau-tien-to-chuc-hoi-nghi-va-trien-lam-the-gioi-so-toan-cau-20200925170337224.htm,2020-09-25,2,786
"Triệt xóa đường dây đánh bạc qua mạng 3.000 tỉ ở Đà Nẵng, Gia Lai",/triet-xoa-duong-day-danh-bac-qua-mang-3000-ti-o-da-nang-gia-lai-20200924082244423.htm,2020-09-24,0,644
Nhiều Ngân hàng thay đổi cấu trúc sau COVID-19,/nhieu-ngan-hang-thay-doi-cau-truc-sau-covid-19-20200918160626373.htm,2020-09-19,2,1671
Lèo lái con thuyền công nghệ sách nói,/leo-lai-con-thuyen-cong-nghe-sach-noi-20200918090212191.htm,2020-09-18,0,1267
VinSmart ra smartphone camera ẩn đầu tiên ở Việt Nam,/vinsmart-ra-smartphone-camera-an-dau-tien-o-viet-nam-20200917171811897.htm,2020-09-17,0,954
Newness : Tình yêu thời hiện đại: chán thì có sao?,/newness-tinh-yeu-thoi-hien-dai-chan-thi-co-sao-20200914212021337.htm,2020-09-15,1,1344
Anh tài công nghệ góp kinh nghiệm chuyển đổi số,/anh-tai-cong-nghe-gop-kinh-nghiem-chuyen-doi-so-20200911203145577.htm,2020-12-09,0,1254
Tái tạo nụ cười hoàn hảo với công nghệ nha khoa 4.0,/tai-tao-nu-cuoi-hoan-hao-voi-cong-nghe-nha-khoa-4-0-20200910152758047.htm,2020-11-09,0,1514
"Khởi nghiệp đổi mới sáng tạo trong nông nghiệp, bứt phá từ đại dịch",/khoi-nghiep-doi-moi-sang-tao-trong-nong-nghiep-but-pha-tu-dai-dich-20200909165938635.htm,2020-09-09,0,908
Bắt 2 lãnh đạo công ty nâng khống giá thiết bị y tế tại Bệnh viện Bạch Mai,/bat-2-lanh-dao-cong-ty-nang-khong-gia-thiet-bi-y-te-tai-benh-vien-bach-mai-20200901215411766.htm,2020-01-09,0,799
Đánh ghen bằng quay clip tung lên mạng,/danh-ghen-bang-quay-clip-tung-len-mang-20200830025914761.htm,2020-08-30,0,1233
Tìm các sản phẩm 'Make in Vietnam' xuất sắc góp phần phát triển kinh tế số,/tim-cac-san-pham-make-in-vietnam-xuat-sac-gop-phan-phat-trien-kinh-te-so-20200819164427745.htm,2020-08-19,13,1007
Bộ Thông tin và truyền thông ra mắt nền tảng số Make in Vietnam - akaChain,/bo-thong-tin-va-truyen-thong-ra-mat-nen-tang-so-make-in-vietnam-akachain-20200813160012247.htm,2020-08-13,1,950
Chubb Life Việt Nam giới thiệu công cụ eKYC - Định danh khách hàng điện tử,/chubb-life-viet-nam-gioi-thieu-cong-cu-ekyc-dinh-danh-khach-hang-dien-tu-20200730165302091.htm,2020-07-31,1,851
Indonesia thu thuế VAT các hãng công nghệ nước ngoài,/indonesia-thu-thue-vat-cac-hang-cong-nghe-nuoc-ngoai-20200728100507968.htm,2020-07-28,0,897
100% ngân hàng Việt Nam đã phát triển kênh bán hàng qua công nghệ số,/100-ngan-hang-viet-nam-da-phat-trien-kenh-ban-hang-qua-cong-nghe-so-20200715161151665.htm,2020-07-15,4,1036
"Bình Phước đầu tư 180 tỉ đồng nâng cấp, mở rộng đường nối Bình Dương",/binh-phuoc-dau-tu-180-ti-dong-nang-cap-mo-rong-duong-noi-binh-duong-20200714130425652.htm,2020-07-14,0,622
Thêm quy định ghi nhãn... quá khó,/them-quy-dinh-ghi-nhan-qua-kho-20200711080529247.htm,2020-11-07,0,1689
Triển khai dịch vụ ngân hàng số trên phần mềm kế toán,/trien-khai-dich-vu-ngan-hang-so-tren-phan-mem-ke-toan-20200710192557155.htm,2020-10-07,0,847
Viet Solutions 2020: Sân chơi tìm kiếm giải pháp chuyển đổi số Việt Nam,/viet-solutions-2020-san-choi-tim-kiem-giai-phap-chuyen-doi-so-viet-nam-20200708182209871.htm,2020-08-07,0,1082
"1,6 triệu xe kinh doanh vận tải phải đổi sang biển số màu vàng",/1-6-trieu-xe-kinh-doanh-van-tai-phai-doi-sang-bien-so-mau-vang-20200708073940211.htm,2020-08-07,0,1684
Đưa mạng 5G vào khai thác từ tháng 10-2020,/dua-mang-5g-vao-khai-thac-tu-thang-10-2020-20200706165922525.htm,2020-06-07,1,940
"Trong 5 năm, Viettel đã tạo ra hơn 1,2 triệu tỉ đồng",/trong-5-nam-viettel-da-tao-ra-hon-1-2-trieu-ti-dong-20200702162826393.htm,2020-02-07,0,1453
Giáo dục phổ thông thế kỷ 21 tại trường THPT FPT Đà Nẵng,/giao-duc-pho-thong-the-ky-21-tai-truong-thpt-fpt-da-nang-20200625161513705.htm,2020-06-30,4,1262
Phó thủ tướng Phạm Bình Minh thị sát tuyến metro Bến Thành - Suối Tiên,/pho-thu-tuong-pham-binh-minh-thi-sat-tuyen-metro-so-ben-thanh-suoi-tien-20200629101033931.htm,2020-06-29,0,889
Ngành công nghiệp ô tô tại Việt Nam: Khan hiếm nhân lực,/nganh-cong-nghiep-o-to-tai-viet-nam-khan-hiem-nhan-luc-20200626100326717.htm,2020-06-28,1,2063
"Từ 24h ngày 30-6, ngừng phát sóng truyền hình analog tại 21 tỉnh",/tu-24h-30-6-ngung-phat-song-truyen-hinh-analog-tai-21-tinh-2020062714291948.htm,2020-06-27,0,493
Mỹ sẽ hỗ trợ tài chính cho các công ty viễn thông dùng công nghệ 5G từ đối thủ của Huawei,/my-se-ho-tro-tai-chinh-cho-cac-cong-ty-vien-thong-dung-cong-nghe-5g-tu-doi-thu-cua-huawei-20200624071544072.htm,2020-06-24,0,779
"Giả website Bộ Công an, phát tán phần mềm gián điệp VN84App",/gia-website-bo-cong-an-phat-tan-phan-mem-gian-diep-vn84app-20200623093029482.htm,2020-06-23,0,576
Đại sứ Mỹ tại Việt Nam Daniel Kritenbrink: Việt Nam đang có phong độ tốt,/dai-su-my-tai-viet-nam-daniel-kritenbrink-viet-nam-dang-co-phong-do-tot-20200623075416083.htm,2020-06-23,0,1272
Bí quyết cân bằng cho giới nữ có nhiều áp lực: Một chút 'không công nghệ',/bi-quyet-can-bang-cho-gioi-nu-co-nhieu-ap-luc-mot-chut-khong-cong-nghe-20200620095604999.htm,2020-06-20,0,1147
"Xác thực vân tay, khuôn mặt khi giao dịch ngân hàng lên ngôi",/xac-thuc-van-tay-khuon-mat-khi-giao-dich-ngan-hang-len-ngoi-2020061808340144.htm,2020-06-18,0,1609
Cận cảnh các nhà ga trên cao tuyến metro Bến Thành - Suối Tiên,/can-canh-cac-nha-ga-tren-cao-tuyen-metro-ben-thanh-suoi-tien-2020061610504397.htm,2020-06-16,0,658
Thị trường nhân lực IT và cơn khát tuyển dụng,/thi-truong-nhan-luc-it-va-con-khat-tuyen-dung-20200602202754618.htm,2020-03-06,1,1351
Bảo hiểm dữ liệu và an ninh mạng thời kỳ 4.0,/bao-hiem-du-lieu-va-an-ninh-mang-thoi-ky-4-0-20200527141238354.htm,2020-05-27,5,1414
Khởi động chiến dịch chuyển đổi số bằng công nghệ điện toán đám mây,/khoi-dong-chien-dich-chuyen-doi-so-bang-cong-nghe-dien-toan-dam-may-20200522120642067.htm,2020-05-22,0,1013
Apple đã chuyển một phần sản xuất AirPods từ Trung Quốc sang Việt Nam,/apple-da-chuyen-mot-phan-san-xuat-airpods-tu-trung-quoc-sang-viet-nam-20200522090153198.htm,2020-05-22,0,812
Lừa đảo thời công nghệ số và cách tự bảo vệ,/lua-dao-thoi-cong-nghe-so-va-cach-tu-bao-ve-20200518140004703.htm,2020-05-18,2,956
Tạm giữ thanh niên đi xe máy đâm chết người phụ nữ trong đêm,/tam-giu-thanh-nien-di-xe-may-dam-chet-nguoi-phu-nu-trong-dem-20200511174545999.htm,2020-11-05,0,648
Prudential Việt Nam chi hơn 1 triệu USD để huấn luyện 'khởi nghiệp trực tuyến',/prudential-viet-nam-chi-hon-1-trieu-usd-de-huan-luyen-khoi-nghiep-truc-tuyen-20200511143508399.htm,2020-11-05,2,910
"UNESCO: 50% học sinh, sinh viên thiếu máy tính để học trực tuyến",/unesco-50-hoc-sinh-sinh-vien-thieu-may-tinh-de-hoc-truc-tuyen-20200423141312755.htm,2020-04-23,2,853
Đặt mục tiêu 60% người Việt sử dụng mạng xã hội nội địa,/dat-muc-tieu-60-nguoi-viet-su-dung-mang-xa-hoi-noi-dia-20200408175144367.htm,2020-08-04,0,873
Công nghệ trong giao dịch địa ốc mùa dịch,/cong-nghe-trong-giao-dich-dia-oc-mua-dich-20200407162305404.htm,2020-08-04,0,1651
"Sinh bé gái 2,9kg tại khu cách ly",/sinh-be-gai-2-9kg-tai-khu-cach-ly-20200405170841135.htm,2020-05-04,3,724
Công ty Trung Quốc nói bác sĩ Tây Ban Nha dùng bộ kit xét nghiệm sai cách,/cong-ty-trung-quoc-noi-bac-si-tay-ban-nha-dung-bo-kit-xet-nghiem-sai-cach-20200328094629939.htm,2020-03-28,0,972
Phòng chống COVID-19: Làm việc online hiệu quả với các ưu đãi từ VNPT,/phong-chong-covid-19-lam-viec-online-hieu-qua-voi-cac-uu-dai-tu-vnpt-20200323205436015.htm,2020-03-24,0,1599
Nữ sinh học online 2 năm xong đại học: 'Đừng ngại hỏi thầy cô',/nu-sinh-hoc-online-2-nam-xong-dai-hoc-dung-ngai-hoi-thay-co-20200322171723036.htm,2020-03-22,0,1338
Xác định lộ trình phổ cập smartphone giá rẻ cho người dân,/xac-dinh-lo-trinh-pho-cap-smartphone-gia-re-cho-nguoi-dan-20200320174607613.htm,2020-03-20,0,782
Đề xuất chế tạo robot phục vụ người cách ly do COVID-19,/de-xuat-che-tao-robot-phuc-vu-nguoi-cach-ly-do-covid-19-20200317145551969.htm,2020-03-17,0,894
Cuộc 'trường chinh' tìm văcxin cứu người - Kỳ cuối: Đi tìm 'văcxin bệnh X' cho người Việt,/cuoc-truong-chinh-tim-vacxin-cuu-nguoi-ky-cuoi-di-tim-vacxin-benh-x-cho-nguoi-viet-20200313084213601.htm,2020-03-13,0,1962
Sức hấp dẫn của báo chí - truyền thông trong kỷ nguyên số,/suc-hap-dan-cua-bao-chi-truyen-thong-trong-ky-nguyen-so-20200310142629149.htm,2020-10-03,2,1747
Xe công nghệ chọn phương thức hoạt động mới,/xe-cong-nghe-chon-phuong-thuc-hoat-dong-moi-20200302223807318.htm,2020-03-03,0,2080
Bayer và XAG mang kỹ thuật số đến với các nông hộ nhỏ,/bayer-va-xag-mang-ky-thuat-so-den-voi-cac-nong-ho-nho-20200226171458989.htm,2020-02-26,0,1123
'Mạng xã hội đang dần trở thành nơi của bạo lực và rủi ro',/mang-xa-hoi-dang-dan-tro-thanh-noi-cua-bao-luc-va-rui-ro-20200224112347956.htm,2020-02-24,0,1458
Khẳng định vai trò dẫn dắt trong chuyển đổi số của nền kinh tế,/khang-dinh-vai-tro-dan-dat-trong-chuyen-doi-so-cua-nen-kinh-te-20200123120759729.htm,2020-01-23,2,2233
Triệt để sử dụng công nghệ trong thu thập điều tra thống kê,/triet-de-su-dung-cong-nghe-trong-thu-thap-dieu-tra-thong-ke-20200116100616601.htm,2020-01-16,0,823
ĐH Bách khoa TP.HCM công bố 1.000 bài báo khoa học năm 2019,/dh-bach-khoa-tphcm-cong-bo-1000-bai-bao-khoa-hoc-nam-2019-20200111085052188.htm,2020-11-01,0,778
Bác xe ôm và Coca-Cola,/bac-xe-om-va-coca-cola-2020011108054652.htm,2020-11-01,0,1073
Chưa hết lo robot lấy việc lại đến ‘người nhân tạo’,/chua-het-lo-robot-lay-viec-lai-den-nguoi-nhan-tao-20200106114226257.htm,2020-06-01,0,921
ĐH Công nghệ thông tin TP.HCM mở ngành mới trí tuệ nhân tạo,/dh-cong-nghe-thong-tin-tp-hcm-mo-nganh-moi-tri-tue-nhan-tao-2020010212004175.htm,2020-02-01,0,954
"Đi cùng, bứt phá, vươn lên bằng công nghệ",/di-cung-but-pha-vuon-len-bang-cong-nghe-20200101081005081.htm,2020-01-01,2,2540
